Project,Version,File,LOC_Added,LOC_Deleted,LOC_Touched,Churn,NR,NFix,NAuth,Buggy
bookkeeper,Pre-Release,hedwig-server/src/main/java/org/apache/hedwig/server/common/UnexpectedError.java,36,1,37,18,50,2,0,2,No
bookkeeper,4.1.0,hedwig-client/src/test/java/org/apache/hedwig/util/TestFileUtils.java,42,1,43,21,50,2,0,2,No
bookkeeper,4.0.0,hedwig-server/src/main/java/org/apache/hedwig/server/netty/PubSubServerMXBean.java,63,0,63,63,00,1,0,1,No
bookkeeper,4.0.0,bookkeeper-server/src/main/java/org/apache/bookkeeper/bookie/BookieBean.java,53,2,55,27,50,2,0,2,No
bookkeeper,4.1.0,hedwig-client/src/main/java/org/apache/hedwig/client/data/PubSubData.java,196,17,213,35,50,6,0,4,No
bookkeeper,4.1.0,hedwig-client/src/main/java/org/apache/hedwig/client/netty/impl/HChannelHandler.java,284,0,284,142,00,2,0,1,No
bookkeeper,4.1.0,hedwig-server/src/test/java/org/apache/hedwig/server/LoggingExceptionHandler.java,35,0,35,35,00,1,0,1,No
bookkeeper,4.1.0,hedwig-server/src/test/java/org/apache/hedwig/server/topics/TestMMTopicManager.java,326,5,331,165,50,2,0,2,No
bookkeeper,4.1.0,hedwig-server/src/main/java/org/apache/hedwig/server/benchmark/BookieBenchmark.java,150,44,194,32,33,6,0,4,No
bookkeeper,4.1.0,bookkeeper-server/src/main/java/org/apache/bookkeeper/versioning/Versioned.java,45,0,45,45,00,1,0,1,No
bookkeeper,4.1.0,bookkeeper-server/src/main/java/org/apache/bookkeeper/util/StringEntryFormatter.java,47,0,47,47,00,1,0,1,No
bookkeeper,Pre-Release,hedwig-server/src/test/java/org/apache/hedwig/server/persistence/TestReadAheadCacheBlackBox.java,54,0,54,54,00,1,0,1,No
bookkeeper,4.1.0,hedwig-server/src/main/java/org/apache/hedwig/server/handlers/PublishHandler.java,106,16,122,24,40,5,0,4,No
bookkeeper,Pre-Release,hedwig-server/src/test/java/org/apache/hedwig/StubScanCallback.java,57,0,57,57,00,1,0,1,No
bookkeeper,4.1.0,bookkeeper-server/src/main/java/org/apache/bookkeeper/proto/PerChannelBookieClient.java,396,242,638,25,52,25,0,4,No
bookkeeper,Pre-Release,hedwig-server/src/main/java/org/apache/hedwig/server/persistence/MapMethods.java,62,0,62,62,00,1,0,1,No
bookkeeper,4.0.0,hedwig-server/src/main/java/org/apache/hedwig/zookeeper/SafeAsyncCallback.java,36,1,37,18,50,2,0,2,No
bookkeeper,4.1.0,bookkeeper-server/src/main/java/org/apache/bookkeeper/metastore/MetastoreTable.java,172,0,172,172,00,1,0,1,No
bookkeeper,4.0.0,hedwig-server/src/main/java/org/apache/hedwig/server/jmx/HedwigMBeanInfo.java,27,0,27,27,00,1,0,1,No
bookkeeper,4.1.0,hedwig-client/src/main/java/org/apache/hedwig/client/benchmark/BenchmarkUtils.java,201,10,211,42,20,5,0,4,No
bookkeeper,4.1.0,bookkeeper-server/src/test/java/org/apache/bookkeeper/bookie/BookieAccessor.java,35,0,35,35,00,1,0,1,No
bookkeeper,4.1.0,bookkeeper-server/src/main/java/org/apache/bookkeeper/util/Tool.java,43,0,43,43,00,1,0,1,No
bookkeeper,Pre-Release,bookkeeper/src/main/java/org/apache/bookkeeper/client/PendingReadOp.java,170,0,170,170,00,1,0,1,No
bookkeeper,Pre-Release,{bookkeeper => bookkeeper-server}/src/test/java/org/apache/bookkeeper/test/LedgerDeleteTest.java,0,0,0,0,00,1,0,1,No
bookkeeper,4.1.0,bookkeeper-server/src/test/java/org/apache/bookkeeper/metastore/MetastoreScannableTableAsyncToSyncConverter.java,59,0,59,59,00,1,0,1,No
bookkeeper,4.1.0,bookkeeper-server/src/main/java/org/apache/bookkeeper/client/LedgerMetadata.java,433,164,597,29,85,20,0,4,No
bookkeeper,4.1.0,hedwig-server/src/main/java/org/apache/hedwig/server/topics/ZkHubServerManager.java,312,6,318,159,00,2,0,2,No
bookkeeper,Pre-Release,{bookkeeper => bookkeeper-server}/src/main/java/org/apache/bookkeeper/bookie/FileInfo.java,0,0,0,0,00,1,0,1,No
bookkeeper,Pre-Release,bookkeeper/src/main/java/org/apache/bookkeeper/util/LocalBookKeeper.java,209,0,209,209,00,1,0,1,No
bookkeeper,Pre-Release,hedwig-client/src/main/java/org/apache/hedwig/util/Either.java,50,0,50,50,00,1,0,1,No
bookkeeper,4.1.0,hedwig-server/src/main/java/org/apache/hedwig/admin/console/HedwigCommands.java,440,3,443,147,67,3,0,1,No
bookkeeper,4.0.0,hedwig-server/src/main/java/org/apache/hedwig/server/proxy/ProxyStopDeliveryHandler.java,77,3,80,26,67,3,0,3,No
bookkeeper,Pre-Release,hedwig-server/src/main/java/org/apache/hedwig/server/proxy/ProxyPublishHander.java,62,0,62,62,00,1,0,1,No
bookkeeper,Pre-Release,hedwig-client/src/main/java/org/apache/hedwig/client/api/MessageHandler.java,56,8,64,21,33,3,0,2,No
bookkeeper,4.1.0,hedwig-server/src/test/java/org/apache/hedwig/server/handlers/TestBaseHandler.java,119,3,122,61,00,2,0,2,No
bookkeeper,Pre-Release,bookkeeper-server/src/test/java/org/apache/bookkeeper/client/BookKeeperTestClient.java,74,3,77,19,25,4,0,2,No
bookkeeper,4.1.0,bookkeeper-server/src/main/java/org/apache/bookkeeper/meta/LedgerUnderreplicationManager.java,109,0,109,36,33,3,0,1,No
bookkeeper,Pre-Release,bookkeeper/src/main/java/org/apache/bookkeeper/util/OrderedSafeExecutor.java,98,0,98,98,00,1,0,1,No
bookkeeper,Pre-Release,{bookkeeper => bookkeeper-server}/src/main/java/org/apache/bookkeeper/proto/NIOServerFactory.java,0,0,0,0,00,1,0,1,No
bookkeeper,Pre-Release,hedwig-server/src/main/java/org/apache/hedwig/server/delivery/DeliveryEndPoint.java,28,0,28,28,00,1,0,1,No
bookkeeper,4.1.0,bookkeeper-server/src/test/java/org/apache/bookkeeper/replication/BookieLedgerIndexTest.java,281,51,332,83,00,4,0,2,No
bookkeeper,4.1.0,bookkeeper-server/src/main/java/org/apache/bookkeeper/proto/DataFormats.java,4114,26,4140,591,43,7,0,2,No
bookkeeper,4.1.0,hedwig-client/src/main/java/org/apache/hedwig/client/handlers/SubscribeReconnectCallback.java,142,29,171,24,43,7,0,4,No
bookkeeper,4.1.0,hedwig-client/src/main/java/org/apache/hedwig/filter/ServerMessageFilter.java,47,0,47,47,00,1,0,1,No
bookkeeper,4.1.0,bookkeeper-server/src/test/java/org/apache/bookkeeper/meta/HierarchicalBookieRecoveryTest.java,46,46,92,46,00,2,0,1,No
bookkeeper,4.1.0,bookkeeper-server/src/test/java/org/apache/bookkeeper/test/ConditionalSetTest.java,123,5,128,32,00,4,0,2,No
bookkeeper,4.1.0,hedwig-server/src/test/java/org/apache/hedwig/server/netty/TestServerStats.java,46,5,51,12,75,4,0,2,No
bookkeeper,4.1.0,bookkeeper-server/src/main/java/org/apache/bookkeeper/bookie/Bookie.java,1908,1211,3119,62,38,50,0,4,No
bookkeeper,4.1.0,hedwig-client/src/main/java/org/apache/hedwig/client/netty/HedwigClientImpl.java,110,354,464,46,40,10,0,2,No
bookkeeper,Pre-Release,{bookkeeper => bookkeeper-server}/src/main/java/org/apache/bookkeeper/client/LedgerDeleteOp.java,0,0,0,0,00,1,0,1,No
bookkeeper,4.1.0,bookkeeper-server/src/main/java/org/apache/bookkeeper/client/BookKeeperAdmin.java,1341,563,1904,82,78,23,0,3,No
bookkeeper,4.1.0,bookkeeper-server/src/test/java/org/apache/bookkeeper/replication/AuditorPeriodicCheckTest.java,295,22,317,158,50,2,0,2,No
bookkeeper,4.1.0,hedwig-server/src/test/java/org/apache/hedwig/client/netty/TestMultiplexing.java,436,6,442,110,50,4,0,2,No
bookkeeper,Pre-Release,{bookkeeper => bookkeeper-server}/src/main/java/org/apache/bookkeeper/proto/PerChannelBookieClient.java,0,0,0,0,00,1,0,1,No
bookkeeper,4.1.0,bookkeeper-server/src/main/java/org/apache/bookkeeper/client/BookKeeper.java,908,670,1578,65,75,24,0,3,No
bookkeeper,4.0.0,hedwig-client/src/main/java/org/apache/hedwig/util/HedwigSocketAddress.java,143,0,143,71,50,2,0,2,No
bookkeeper,4.0.0,bookkeeper-server/src/main/java/org/apache/bookkeeper/meta/SnapshotMap.java,132,0,132,132,00,1,0,1,No
bookkeeper,Pre-Release,bookkeeper/src/main/java/org/apache/bookkeeper/client/SyncCounter.java,85,0,85,85,00,1,0,1,No
bookkeeper,Pre-Release,bookkeeper/src/main/java/org/apache/bookkeeper/client/LedgerDeleteOp.java,80,0,80,80,00,1,0,1,No
bookkeeper,4.1.0,hedwig-client/src/main/java/org/apache/hedwig/filter/ClientMessageFilter.java,24,0,24,24,00,1,0,1,No
bookkeeper,Pre-Release,hedwig-client/src/main/java/org/apache/hedwig/client/exceptions/ServerRedirectLoopException.java,40,2,42,21,00,2,0,2,No
bookkeeper,4.1.0,bookkeeper-server/src/test/java/org/apache/bookkeeper/bookie/CreateNewLogTest.java,103,1,104,52,00,2,0,1,No
bookkeeper,4.1.0,hedwig-server/src/main/java/org/apache/hedwig/server/subscriptions/AbstractSubscriptionManager.java,968,170,1138,63,22,18,0,3,No
bookkeeper,Pre-Release,bookkeeper-server/src/main/java/org/apache/bookkeeper/client/SyncCounter.java,1,1,2,2,00,1,0,1,No
bookkeeper,Pre-Release,bookkeeper/src/main/java/org/apache/bookkeeper/streaming/LedgerOutputStream.java,147,0,147,147,00,1,0,1,No
bookkeeper,4.1.0,hedwig-server/src/main/java/org/apache/hedwig/server/delivery/ChannelEndPoint.java,90,0,90,30,00,3,0,3,No
bookkeeper,4.1.0,hedwig-client/src/main/java/org/apache/hedwig/client/netty/impl/simple/SubscribeReconnectCallback.java,5,101,106,53,00,2,0,1,No
bookkeeper,4.1.0,bookkeeper-server/src/main/java/org/apache/bookkeeper/metastore/Value.java,154,0,154,154,00,1,0,1,No
bookkeeper,4.0.0,hedwig-server/src/main/java/org/apache/hedwig/server/topics/TopicManager.java,86,6,92,30,67,3,0,3,No
bookkeeper,4.0.0,hedwig-server/src/main/java/org/apache/hedwig/server/regions/HedwigHubSubscriber.java,94,8,102,25,50,4,0,3,No
bookkeeper,4.1.0,bookkeeper-server/src/main/java/org/apache/bookkeeper/meta/HierarchicalLedgerManager.java,671,205,876,87,60,10,0,3,No
bookkeeper,4.1.0,hedwig-server/src/main/java/org/apache/hedwig/server/subscriptions/MMSubscriptionManager.java,161,27,188,47,00,4,0,1,No
bookkeeper,Pre-Release,bookkeeper/src/main/java/org/apache/bookkeeper/proto/NIOServerFactory.java,521,0,521,521,00,1,0,1,No
bookkeeper,Pre-Release,{bookkeeper => bookkeeper-server}/src/main/java/org/apache/bookkeeper/client/AsyncCallback.java,0,0,0,0,00,1,0,1,No
bookkeeper,4.1.0,hedwig-server/src/test/java/org/apache/hedwig/server/integration/TestHedwigHubProxy.java,36,0,36,36,00,1,0,1,No
bookkeeper,Pre-Release,bookkeeper-server/src/test/java/org/apache/bookkeeper/{test => client}/BookieRecoveryTest.java,209,8,217,217,00,1,0,1,No
bookkeeper,4.0.0,bookkeeper-server/src/main/java/org/apache/bookkeeper/bookie/LedgerCacheBean.java,80,53,133,66,50,2,0,1,No
bookkeeper,Pre-Release,{bookkeeper => bookkeeper-server}/src/main/java/org/apache/bookkeeper/streaming/LedgerOutputStream.java,0,0,0,0,00,1,0,1,No
bookkeeper,4.0.0,hedwig-server/src/main/java/org/apache/hedwig/server/jmx/HedwigJMXService.java,37,0,37,37,00,1,0,1,No
bookkeeper,4.1.0,hedwig-server/src/test/java/org/apache/hedwig/server/delivery/TestFIFODeliveryManager.java,324,27,351,175,50,2,0,2,No
bookkeeper,4.1.0,hedwig-server/src/main/java/org/apache/hedwig/server/topics/HubInfo.java,162,0,162,162,00,1,0,1,No
bookkeeper,Pre-Release,{bookkeeper => bookkeeper-server}/src/main/java/org/apache/bookkeeper/util/SafeRunnable.java,0,0,0,0,00,1,0,1,No
bookkeeper,4.0.0,bookkeeper-server/src/main/java/org/apache/bookkeeper/util/HardLink.java,666,1,667,333,50,2,0,1,No
bookkeeper,4.1.0,bookkeeper-server/src/main/java/org/apache/bookkeeper/util/LocalBookKeeper.java,285,234,519,47,18,11,0,4,No
bookkeeper,Pre-Release,bookkeeper/src/main/java/org/apache/bookkeeper/util/MathUtils.java,38,0,38,38,00,1,0,1,No
bookkeeper,4.1.0,bookkeeper-server/src/main/java/org/apache/bookkeeper/client/LedgerHandle.java,1477,1046,2523,78,84,32,0,3,No
bookkeeper,4.0.0,hedwig-server/src/main/java/org/apache/hedwig/server/persistence/ReadAheadCacheMXBean.java,45,0,45,45,00,1,0,1,No
bookkeeper,4.1.0,bookkeeper-server/src/main/java/org/apache/bookkeeper/bookie/Journal.java,619,37,656,72,89,9,0,3,No
bookkeeper,4.1.0,hedwig-client/src/main/java/org/apache/hedwig/client/netty/impl/simple/SimpleHChannelManager.java,364,6,370,92,50,4,0,1,No
bookkeeper,4.1.0,bookkeeper-server/src/test/java/org/apache/bookkeeper/bookie/CompactionTest.java,346,51,397,79,40,5,0,3,No
bookkeeper,4.1.0,bookkeeper-server/src/main/java/org/apache/bookkeeper/replication/BookieLedgerIndexer.java,142,6,148,49,33,3,0,2,No
bookkeeper,4.1.0,bookkeeper-server/src/test/java/org/apache/bookkeeper/util/TestUtils.java,52,0,52,52,00,1,0,1,No
bookkeeper,4.1.0,bookkeeper-server/src/main/java/org/apache/bookkeeper/meta/ZkLedgerUnderreplicationManager.java,626,61,687,52,85,13,0,3,No
bookkeeper,4.1.0,bookkeeper-server/src/main/java/org/apache/bookkeeper/bookie/ScanAndCompareGarbageCollector.java,108,0,108,108,00,1,0,1,No
bookkeeper,4.1.0,bookkeeper-server/src/main/java/org/apache/bookkeeper/conf/AbstractConfiguration.java,243,7,250,27,78,9,0,3,No
bookkeeper,4.1.0,bookkeeper-server/src/main/java/org/apache/bookkeeper/util/EntryFormatter.java,77,0,77,77,00,1,0,1,No
bookkeeper,4.1.0,hedwig-client/src/main/java/org/apache/hedwig/client/exceptions/ResubscribeException.java,34,0,34,34,00,1,0,1,No
bookkeeper,4.1.0,bookkeeper-server/src/main/java/org/apache/bookkeeper/meta/ZkVersion.java,72,3,75,37,50,2,0,1,No
bookkeeper,Pre-Release,bookkeeper/src/main/java/org/apache/bookkeeper/streaming/LedgerInputStream.java,173,0,173,173,00,1,0,1,No
bookkeeper,4.1.0,hedwig-client/src/main/java/org/apache/hedwig/client/netty/impl/ResubscribeCallback.java,7,0,7,7,00,1,0,1,No
bookkeeper,Pre-Release,hedwig-client/src/main/java/org/apache/hedwig/util/ConcurrencyUtils.java,49,0,49,49,00,1,0,1,No
bookkeeper,4.1.0,hedwig-server/src/main/java/org/apache/hedwig/server/meta/MetadataManagerFactory.java,241,28,269,67,25,4,0,1,No
bookkeeper,4.1.0,bookkeeper-server/src/main/java/org/apache/bookkeeper/metastore/MetastoreException.java,34,0,34,34,00,1,0,1,No
bookkeeper,4.1.0,hedwig-server/src/main/java/org/apache/hedwig/zookeeper/ZkUtils.java,132,15,147,36,75,4,0,3,No
bookkeeper,Pre-Release,bookkeeper/src/main/java/org/apache/bookkeeper/proto/PerChannelBookieClient.java,573,0,573,573,00,1,0,1,No
bookkeeper,4.1.0,bookkeeper-server/src/test/java/org/apache/bookkeeper/test/MultiLedgerManagerTestCase.java,56,0,56,28,00,2,0,1,No
bookkeeper,4.1.0,bookkeeper-server/src/test/java/org/apache/bookkeeper/{test => client}/LedgerRecoveryTest.java,69,1,70,70,00,1,0,1,No
bookkeeper,4.1.0,hedwig-server/src/main/java/org/apache/hedwig/server/proxy/ProxyCloseSubscriptionHandler.java,70,0,70,70,00,1,0,1,No
bookkeeper,Pre-Release,{bookkeeper => bookkeeper-server}/src/main/java/org/apache/bookkeeper/proto/BookieServer.java,0,0,0,0,00,1,0,1,No
bookkeeper,4.1.0,bookkeeper-server/src/main/java/org/apache/bookkeeper/replication/Auditor.java,577,74,651,162,75,4,0,1,No
bookkeeper,4.1.0,hedwig-server/src/main/java/org/apache/hedwig/server/benchmark/BookkeeperBenchmark.java,128,35,163,32,60,5,0,4,No
bookkeeper,Pre-Release,bookkeeper/src/main/java/org/apache/bookkeeper/proto/BookieClient.java,178,0,178,178,00,1,0,1,No
bookkeeper,Pre-Release,bookkeeper/src/main/java/org/apache/bookkeeper/client/BookieWatcher.java,204,0,204,204,00,1,0,1,No
bookkeeper,4.1.0,bookkeeper-server/src/main/java/org/apache/bookkeeper/meta/LedgerLayout.java,286,42,328,46,86,7,0,3,No
bookkeeper,Pre-Release,hedwig-server/src/main/java/org/apache/hedwig/server/delivery/DeliveryCallback.java,27,0,27,27,00,1,0,1,No
bookkeeper,4.1.0,bookkeeper-server/src/test/java/org/apache/bookkeeper/test/NIOServerFactoryTest.java,13,8,21,4,20,5,0,2,No
bookkeeper,Pre-Release,{bookkeeper => bookkeeper-server}/src/main/java/org/apache/bookkeeper/client/CRC32DigestManager.java,0,0,0,0,00,1,0,1,No
bookkeeper,4.1.0,hedwig-server/src/test/java/org/apache/hedwig/server/topics/TestZkTopicManager.java,341,12,353,58,83,6,0,3,No
bookkeeper,4.1.0,bookkeeper-server/src/test/java/org/apache/bookkeeper/client/LedgerRecoveryTest.java,145,6,151,75,50,2,0,2,No
bookkeeper,4.1.0,bookkeeper-server/src/test/java/org/apache/bookkeeper/replication/AuditorBookieTest.java,350,41,391,65,17,6,0,2,No
bookkeeper,4.1.0,hedwig-server/src/test/java/org/apache/hedwig/server/persistence/StubPersistenceManager.java,143,6,149,24,83,6,0,4,No
bookkeeper,4.1.0,hedwig-client/src/main/java/org/apache/hedwig/filter/MessageFilter.java,70,0,70,70,00,1,0,1,No
bookkeeper,4.1.0,bookkeeper-server/src/main/java/org/apache/bookkeeper/conf/ClientConfiguration.java,359,45,404,36,73,11,0,2,No
bookkeeper,4.1.0,bookkeeper-server/src/main/java/org/apache/bookkeeper/bookie/InterleavedLedgerStorage.java,253,65,318,26,50,12,0,3,No
bookkeeper,4.1.0,bookkeeper-server/src/main/java/org/apache/bookkeeper/client/LedgerDeleteOp.java,25,26,51,8,50,6,0,3,No
bookkeeper,4.1.0,bookkeeper-server/src/test/java/org/apache/bookkeeper/test/IndexCorruptionTest.java,171,5,176,58,67,3,0,2,No
bookkeeper,4.1.0,bookkeeper-server/src/main/java/org/apache/bookkeeper/bookie/LedgerCacheImpl.java,1048,120,1168,73,00,16,0,3,No
bookkeeper,4.0.0,bookkeeper-server/src/main/java/org/apache/bookkeeper/bookie/LedgerCacheMXBean.java,60,0,60,60,00,1,0,1,No
bookkeeper,4.1.0,bookkeeper-server/src/main/java/org/apache/bookkeeper/bookie/BookieException.java,108,35,143,28,60,5,0,3,No
bookkeeper,Pre-Release,bookkeeper/src/main/java/org/apache/bookkeeper/client/DistributionSchedule.java,61,0,61,61,00,1,0,1,No
bookkeeper,4.1.0,bookkeeper-server/src/test/java/org/apache/bookkeeper/meta/TestLedgerManager.java,361,36,397,66,17,6,0,2,No
bookkeeper,4.1.0,hedwig-client/src/main/java/org/apache/hedwig/client/netty/impl/multiplex/ResubscribeCallback.java,99,1,100,50,00,2,0,1,No
bookkeeper,4.1.0,bookkeeper-server/src/main/java/org/apache/bookkeeper/proto/BKStats.java,249,1,250,125,00,2,0,2,No
bookkeeper,4.1.0,bookkeeper-server/src/test/java/org/apache/bookkeeper/replication/BookieAutoRecoveryTest.java,418,0,418,418,00,1,0,1,No
bookkeeper,4.1.0,hedwig-client/src/main/java/org/apache/hedwig/client/netty/ConnectCallback.java,140,140,280,35,00,8,0,4,No
bookkeeper,4.1.0,hedwig-client/src/main/java/org/apache/hedwig/client/netty/impl/HChannelImpl.java,371,0,371,371,00,1,0,1,No
bookkeeper,4.1.0,hedwig-server/src/main/java/org/apache/hedwig/server/persistence/LocalDBPersistenceManager.java,512,23,535,66,88,8,0,4,No
bookkeeper,4.1.0,bookkeeper-server/src/main/java/org/apache/bookkeeper/proto/NIOServerFactory.java,77,40,117,9,00,13,0,4,No
bookkeeper,4.1.0,bookkeeper-server/src/test/java/org/apache/bookkeeper/client/ClientUtil.java,36,0,36,18,00,2,0,1,No
bookkeeper,4.1.0,hedwig-client/src/test/java/org/apache/hedwig/util/TestPathUtils.java,56,2,58,29,00,2,0,2,No
bookkeeper,Pre-Release,hedwig-server/src/test/java/org/apache/hedwig/server/netty/WriteRecordingChannel.java,170,0,170,170,00,1,0,1,No
bookkeeper,4.1.0,hedwig-server/src/main/java/org/apache/hedwig/server/persistence/CancelScanRequest.java,27,0,27,27,00,1,0,1,No
bookkeeper,Pre-Release,{bookkeeper => bookkeeper-server}/src/test/java/org/apache/bookkeeper/test/CloseTest.java,0,0,0,0,00,1,0,1,No
bookkeeper,4.1.0,bookkeeper-server/src/test/java/org/apache/bookkeeper/meta/TestZkVersion.java,69,4,73,24,33,3,0,2,No
bookkeeper,4.1.0,hedwig-server/src/main/java/org/apache/hedwig/server/subscriptions/TrueFilter.java,33,33,66,22,00,3,0,2,No
bookkeeper,4.1.0,bookkeeper-server/src/test/java/org/apache/bookkeeper/test/MultiLedgerManagerMultiDigestTestCase.java,64,0,64,32,00,2,0,1,No
bookkeeper,Pre-Release,hedwig-server/src/test/java/org/apache/hedwig/server/topics/StubTopicManager.java,66,2,68,34,00,2,0,2,No
bookkeeper,Pre-Release,bookkeeper/src/test/java/org/apache/bookkeeper/test/LoopbackClient.java,117,0,117,117,00,1,0,1,No
bookkeeper,4.1.0,bookkeeper-server/src/test/java/org/apache/bookkeeper/metastore/MetastoreTableAsyncToSyncConverter.java,131,0,131,131,00,1,0,1,No
bookkeeper,Pre-Release,bookkeeper/src/main/java/org/apache/bookkeeper/client/BookKeeper.java,410,0,410,410,00,1,0,1,No
bookkeeper,Pre-Release,hedwig-server/src/main/java/org/apache/hedwig/server/proxy/ProxyUnsubscribeHandler.java,74,0,74,74,00,1,0,1,No
bookkeeper,4.0.0,bookkeeper-server/src/main/java/org/apache/bookkeeper/bookie/HandleFactory.java,32,0,32,32,00,1,0,1,No
bookkeeper,4.1.0,bookkeeper-server/src/main/java/org/apache/bookkeeper/replication/ReplicationException.java,81,7,88,29,33,3,0,2,No
bookkeeper,4.1.0,bookkeeper-server/src/main/java/org/apache/bookkeeper/proto/BookkeeperInternalCallbacks.java,83,8,91,30,33,3,0,3,No
bookkeeper,Pre-Release,bookkeeper-benchmark/src/main/java/org/apache/bookkeeper/benchmark/MySqlClient.java,242,105,347,86,75,4,0,2,No
bookkeeper,4.1.0,bookkeeper-server/src/test/java/org/apache/bookkeeper/test/ReadOnlyBookieTest.java,187,0,187,62,33,3,0,2,No
bookkeeper,4.0.0,bookkeeper-server/src/main/java/org/apache/bookkeeper/client/MacDigestManager.java,35,18,53,13,25,4,0,2,No
bookkeeper,Pre-Release,bookkeeper-server/src/main/java/org/apache/bookkeeper/streaming/LedgerOutputStream.java,11,10,21,10,50,2,0,1,No
bookkeeper,4.1.0,hedwig-server/src/main/java/org/apache/hedwig/server/subscriptions/InMemorySubscriptionManager.java,146,21,167,23,86,7,0,4,No
bookkeeper,4.1.0,hedwig-server/src/main/java/org/apache/hedwig/server/handlers/CloseSubscriptionHandler.java,105,0,105,105,00,1,0,1,No
bookkeeper,Pre-Release,{bookkeeper => bookkeeper-server}/src/main/java/org/apache/bookkeeper/client/SyncCounter.java,0,0,0,0,00,1,0,1,No
bookkeeper,4.1.0,bookkeeper-server/src/main/java/org/apache/bookkeeper/client/LedgerChecker.java,285,12,297,74,25,4,0,1,No
bookkeeper,Pre-Release,bookkeeper/src/test/java/org/apache/bookkeeper/test/LedgerDeleteTest.java,163,0,163,163,00,1,0,1,No
bookkeeper,4.1.0,hedwig-protocol/src/main/java/org/apache/hedwig/protoextensions/PubSubResponseUtils.java,70,2,72,14,40,5,0,3,No
bookkeeper,4.1.0,bookkeeper-benchmark/src/main/java/org/apache/bookkeeper/benchmark/TestClient.java,648,291,939,117,38,8,0,4,No
bookkeeper,Pre-Release,bookkeeper/src/test/java/org/apache/bookkeeper/test/BookieReadWriteTest.java,720,0,720,720,00,1,0,1,No
bookkeeper,4.1.0,hedwig-server/src/main/java/org/apache/hedwig/server/netty/PubSubServerBean.java,84,1,85,42,50,2,0,1,No
bookkeeper,4.1.0,bookkeeper-server/src/test/java/org/apache/bookkeeper/replication/TestReplicationWorker.java,674,116,790,65,83,12,0,3,No
bookkeeper,4.1.0,bookkeeper-server/src/main/java/org/apache/bookkeeper/bookie/GarbageCollector.java,51,0,51,51,00,1,0,1,No
bookkeeper,Pre-Release,{bookkeeper => bookkeeper-server}/src/main/java/org/apache/bookkeeper/tools/BookKeeperTools.java,0,0,0,0,00,1,0,1,No
bookkeeper,Pre-Release,hedwig-server/src/main/java/org/apache/hedwig/server/handlers/ChannelDisconnectListener.java,30,1,31,15,50,2,0,2,No
bookkeeper,Pre-Release,hedwig-server/src/main/java/org/apache/hedwig/server/handlers/Handler.java,40,3,43,21,50,2,0,2,No
bookkeeper,4.1.0,hedwig-server/src/test/java/org/apache/hedwig/server/topics/TestHubInfo.java,63,1,64,32,00,2,0,2,No
bookkeeper,Pre-Release,bookkeeper-server/src/main/java/org/apache/bookkeeper/bookie/BufferedChannel.java,27,15,42,14,00,3,0,2,No
bookkeeper,Pre-Release,hedwig-server/src/main/java/org/apache/hedwig/zookeeper/SafeAsyncZKCallback.java,99,1,100,50,00,2,0,2,No
bookkeeper,Pre-Release,bookkeeper/src/main/java/org/apache/bookkeeper/client/DigestManager.java,184,0,184,184,00,1,0,1,No
bookkeeper,Pre-Release,bookkeeper/src/main/java/org/apache/bookkeeper/proto/BookieProtocol.java,75,0,75,75,00,1,0,1,No
bookkeeper,Pre-Release,bookkeeper/src/main/java/org/apache/bookkeeper/client/MacDigestManager.java,67,0,67,67,00,1,0,1,No
bookkeeper,4.1.0,hedwig-server/src/test/java/org/apache/hedwig/client/TestPubSubClient.java,733,45,778,64,83,12,0,4,No
bookkeeper,4.1.0,hedwig-client/src/main/java/org/apache/hedwig/client/netty/impl/DefaultServerChannel.java,92,0,92,92,00,1,0,1,No
bookkeeper,4.1.0,hedwig-client/src/main/java/org/apache/hedwig/client/handlers/MessageConsumeCallback.java,182,65,247,35,29,7,0,4,No
bookkeeper,4.1.0,hedwig-server/src/main/java/org/apache/hedwig/server/regions/HedwigHubClientFactory.java,81,7,88,29,33,3,0,3,No
bookkeeper,Pre-Release,bookkeeper/src/main/java/org/apache/bookkeeper/client/AsyncCallback.java,126,0,126,126,00,1,0,1,No
bookkeeper,Pre-Release,hedwig-client/src/main/java/org/apache/hedwig/client/data/TopicSubscriber.java,78,4,82,41,00,2,0,2,No
bookkeeper,Pre-Release,{bookkeeper => bookkeeper-server}/src/main/java/org/apache/bookkeeper/client/BKException.java,0,0,0,0,00,1,0,1,No
bookkeeper,4.1.0,hedwig-server/src/test/java/org/apache/hedwig/server/netty/TestPubSubServer.java,294,31,325,40,63,8,0,4,No
bookkeeper,4.1.0,hedwig-server/src/main/java/org/apache/hedwig/server/topics/HubServerManager.java,108,0,108,108,00,1,0,1,No
bookkeeper,Pre-Release,{bookkeeper => bookkeeper-server}/src/test/java/org/apache/bookkeeper/test/BookieRecoveryTest.java,0,0,0,0,00,1,0,1,No
bookkeeper,4.1.0,bookkeeper-server/src/test/java/org/apache/bookkeeper/client/TestSpeculativeRead.java,683,341,1024,204,80,5,0,2,No
bookkeeper,4.1.0,bookkeeper-server/src/test/java/org/apache/bookkeeper/meta/HierarchicalBookieReadWriteTest.java,47,47,94,47,00,2,0,1,No
bookkeeper,4.0.0,bookkeeper-server/src/main/java/org/apache/bookkeeper/bookie/LedgerEntryPage.java,22,10,32,8,00,4,0,2,No
bookkeeper,4.1.0,hedwig-client/src/main/java/org/apache/hedwig/client/netty/impl/multiplex/MultiplexSubscriptionChannelPipelineFactory.java,49,0,49,49,00,1,0,1,No
bookkeeper,4.1.0,hedwig-server/src/main/java/org/apache/hedwig/data/MessageFormatter.java,123,0,123,123,00,1,0,1,No
bookkeeper,4.1.0,hedwig-client/src/main/java/org/apache/hedwig/client/{handlers => netty/impl/simple}/SubscribeReconnectCallback.java,26,43,69,69,00,1,0,1,No
bookkeeper,4.1.0,bookkeeper-server/src/test/java/org/apache/bookkeeper/meta/GcLedgersTest.java,214,36,250,35,71,7,0,3,No
bookkeeper,4.1.0,hedwig-protocol/src/main/java/org/apache/hedwig/protoextensions/SubscriptionStateUtils.java,101,1,102,34,00,3,0,3,No
bookkeeper,4.1.0,hedwig-server/src/main/java/org/apache/hedwig/server/topics/AbstractTopicManager.java,216,12,228,38,00,6,0,4,No
bookkeeper,Pre-Release,hedwig-server/src/main/java/org/apache/hedwig/server/ssl/SslServerContextFactory.java,53,0,53,53,00,1,0,1,No
bookkeeper,Pre-Release,{bookkeeper => bookkeeper-server}/src/main/java/org/apache/bookkeeper/client/LedgerCreateOp.java,0,0,0,0,00,1,0,1,No
bookkeeper,Pre-Release,hedwig-client/src/main/java/org/apache/hedwig/client/HedwigClient.java,72,0,72,72,00,1,0,1,No
bookkeeper,Pre-Release,{bookkeeper => bookkeeper-server}/src/main/java/org/apache/bookkeeper/client/MacDigestManager.java,0,0,0,0,00,1,0,1,No
bookkeeper,4.1.0,bookkeeper-server/src/test/java/org/apache/bookkeeper/meta/LedgerManagerTestCase.java,109,21,130,43,33,3,0,2,No
bookkeeper,4.1.0,bookkeeper-server/src/test/java/org/apache/bookkeeper/client/RoundRobinDistributionScheduleTest.java,65,1,66,33,00,2,0,2,No
bookkeeper,4.1.0,hedwig-server/src/test/java/org/apache/hedwig/server/PubSubServerStandAloneTestBase.java,118,15,133,19,00,7,0,4,No
bookkeeper,Pre-Release,hedwig-client/src/main/java/org/apache/hedwig/util/FileUtils.java,100,2,102,51,00,2,0,2,No
bookkeeper,4.1.0,hedwig-server/src/test/java/org/apache/hedwig/server/TestPubSubServerStartup.java,152,13,165,23,57,7,0,3,No
bookkeeper,4.0.0,hedwig-client/src/main/java/org/apache/hedwig/client/exceptions/AlreadyStartDeliveryException.java,36,0,36,36,00,1,0,1,No
bookkeeper,4.1.0,hedwig-server/src/main/java/org/apache/hedwig/server/delivery/FIFODeliveryManager.java,1087,202,1289,64,45,20,0,4,No
bookkeeper,4.1.0,hedwig-server/src/main/java/org/apache/hedwig/server/netty/PubSubServer.java,605,80,685,38,06,18,0,4,No
bookkeeper,Pre-Release,{bookkeeper => bookkeeper-server}/src/test/java/org/apache/bookkeeper/test/BookieReadWriteTest.java,0,0,0,0,00,1,0,1,No
bookkeeper,4.1.0,bookkeeper-server/src/test/java/org/apache/bookkeeper/bookie/BookieJournalTest.java,634,49,683,56,92,12,0,3,No
bookkeeper,Pre-Release,bookkeeper/src/main/java/org/apache/bookkeeper/bookie/LedgerCache.java,536,0,536,536,00,1,0,1,No
bookkeeper,Pre-Release,bookkeeper/src/main/java/org/apache/bookkeeper/client/CRC32DigestManager.java,50,0,50,50,00,1,0,1,No
bookkeeper,4.1.0,hedwig-server/src/main/java/org/apache/hedwig/server/netty/ServerStats.java,204,2,206,68,67,3,0,2,No
bookkeeper,Pre-Release,bookkeeper/src/test/java/org/apache/bookkeeper/test/BaseTestCase.java,176,0,176,176,00,1,0,1,No
bookkeeper,Pre-Release,bookkeeper/src/main/java/org/apache/bookkeeper/client/RoundRobinDistributionSchedule.java,87,0,87,87,00,1,0,1,No
bookkeeper,4.0.0,hedwig-server/src/test/java/org/apache/hedwig/server/subscriptions/TestZkSubscriptionManager.java,226,18,244,81,33,3,0,3,No
bookkeeper,4.1.0,bookkeeper-server/src/main/java/org/apache/bookkeeper/proto/BookieClient.java,136,39,175,15,91,11,0,3,No
bookkeeper,4.1.0,bookkeeper-server/src/test/java/org/apache/bookkeeper/replication/TestAutoRecoveryAlongWithBookieServers.java,99,0,99,99,00,1,0,1,No
bookkeeper,4.1.0,bookkeeper-server/src/main/java/org/apache/bookkeeper/metastore/MetaStore.java,79,0,79,79,00,1,0,1,No
bookkeeper,4.0.0,hedwig-server/src/main/java/org/apache/hedwig/server/handlers/BaseHandler.java,83,16,99,33,00,3,0,3,No
bookkeeper,Pre-Release,{bookkeeper => bookkeeper-server}/src/main/java/org/apache/bookkeeper/client/PendingReadOp.java,0,0,0,0,00,1,0,1,No
bookkeeper,4.1.0,hedwig-server/src/test/java/org/apache/hedwig/server/integration/TestHedwigHubSSL.java,36,0,36,36,00,1,0,1,No
bookkeeper,4.1.0,bookkeeper-server/src/main/java/org/apache/bookkeeper/bookie/ReadOnlyFileInfo.java,44,0,44,44,00,1,0,1,No
bookkeeper,4.1.0,bookkeeper-server/src/test/java/org/apache/bookkeeper/client/BookieRecoveryTest.java,502,157,659,34,68,19,0,3,No
bookkeeper,Pre-Release,bookkeeper-server/src/test/java/org/apache/bookkeeper/test/BookieRecoveryTest.java,85,79,164,41,00,4,0,2,No
bookkeeper,4.1.0,hedwig-client/src/main/java/org/apache/hedwig/client/netty/impl/multiplex/MultiplexHChannelManager.java,319,0,319,106,33,3,0,1,No
bookkeeper,4.1.0,hedwig-server/src/test/java/org/apache/hedwig/client/TestSubAfterCloseSub.java,248,50,298,99,33,3,0,2,No
bookkeeper,4.1.0,hedwig-server/src/test/java/org/apache/hedwig/zookeeper/TestZkUtils.java,48,1,49,24,50,2,0,2,No
bookkeeper,Pre-Release,hedwig-client/src/main/java/org/apache/hedwig/client/ssl/SslClientContextFactory.java,41,0,41,41,00,1,0,1,No
bookkeeper,4.1.0,hedwig-client/src/main/java/org/apache/hedwig/client/netty/FilterableMessageHandler.java,71,1,72,36,00,2,0,1,No
bookkeeper,4.1.0,bookkeeper-server/src/test/java/org/apache/bookkeeper/proto/TestProtoVersions.java,116,3,119,29,75,4,0,3,No
bookkeeper,4.1.0,bookkeeper-server/src/main/java/org/apache/bookkeeper/util/StringUtils.java,68,33,101,25,25,4,0,3,No
bookkeeper,4.1.0,hedwig-server/src/main/java/org/apache/hedwig/server/handlers/UnsubscribeHandler.java,116,9,125,25,00,5,0,4,No
bookkeeper,4.0.0,hedwig-server/src/main/java/org/apache/hedwig/server/common/TerminateJVMExceptionHandler.java,36,4,40,13,33,3,0,3,No
bookkeeper,4.1.0,bookkeeper-server/src/main/java/org/apache/bookkeeper/replication/AuditorElector.java,414,89,503,83,83,6,0,2,No
bookkeeper,4.1.0,bookkeeper-server/src/test/java/org/apache/bookkeeper/client/TestFencing.java,431,23,454,45,40,10,0,3,No
bookkeeper,4.1.0,bookkeeper-server/src/test/java/org/apache/bookkeeper/meta/HierarchicalAsyncLedgerOpsTest.java,47,47,94,47,00,2,0,1,No
bookkeeper,4.1.0,hedwig-server/src/test/java/org/apache/hedwig/server/topics/TestConcurrentTopicAcquisition.java,208,2,210,70,00,3,0,2,No
bookkeeper,Pre-Release,bookkeeper/src/main/java/org/apache/bookkeeper/bookie/MarkerFileChannel.java,147,0,147,147,00,1,0,1,No
bookkeeper,Pre-Release,bookkeeper/src/test/java/org/apache/bookkeeper/test/NIOServerFactoryTest.java,60,0,60,60,00,1,0,1,No
bookkeeper,4.1.0,bookkeeper-server/src/test/java/org/apache/bookkeeper/client/TestLedgerFragmentReplication.java,353,13,366,73,20,5,0,2,No
bookkeeper,4.1.0,hedwig-server/src/test/java/org/apache/hedwig/server/meta/TestMetadataManagerFactory.java,310,4,314,62,80,5,0,2,No
bookkeeper,Pre-Release,{bookkeeper => bookkeeper-server}/src/main/java/org/apache/bookkeeper/bookie/LedgerDescriptor.java,0,0,0,0,00,1,0,1,No
bookkeeper,4.1.0,hedwig-server/src/main/java/org/apache/hedwig/server/topics/ZkTopicManager.java,600,260,860,143,33,6,0,3,No
bookkeeper,4.1.0,hedwig-server/src/main/java/org/apache/hedwig/server/meta/MsMetadataManagerFactory.java,866,0,866,866,00,1,0,1,No
bookkeeper,Pre-Release,bookkeeper-server/src/test/java/org/apache/bookkeeper/test/LedgerCacheTest.java,153,21,174,43,50,4,0,1,No
bookkeeper,Pre-Release,bookkeeper/src/main/java/org/apache/bookkeeper/bookie/EntryLogger.java,487,0,487,487,00,1,0,1,No
bookkeeper,4.1.0,hedwig-client/src/main/java/org/apache/hedwig/client/handlers/SubscribeResponseHandler.java,618,435,1053,75,21,14,0,4,No
bookkeeper,4.1.0,hedwig-server/src/main/java/org/apache/hedwig/server/handlers/SubscribeHandler.java,369,146,515,42,92,12,0,4,No
bookkeeper,4.0.0,hedwig-client/src/main/java/org/apache/hedwig/client/benchmark/HedwigBenchmark.java,196,31,227,37,83,6,0,3,No
bookkeeper,4.1.0,hedwig-client/src/main/java/org/apache/hedwig/client/netty/CleanupChannelMap.java,183,0,183,91,50,2,0,1,No
bookkeeper,4.1.0,hedwig-client/src/main/java/org/apache/hedwig/client/conf/ClientConfiguration.java,177,6,183,30,50,6,0,3,No
bookkeeper,4.1.0,hedwig-server/src/main/java/org/apache/hedwig/server/subscriptions/MessageFilter.java,32,32,64,21,33,3,0,3,No
bookkeeper,4.1.0,bookkeeper-server/src/test/java/org/apache/bookkeeper/meta/HierarchicalBookieFailureTest.java,47,47,94,47,00,2,0,1,No
bookkeeper,Pre-Release,{bookkeeper => bookkeeper-server}/src/main/java/org/apache/bookkeeper/util/Main.java,0,0,0,0,00,1,0,1,No
bookkeeper,4.1.0,bookkeeper-server/src/main/java/org/apache/bookkeeper/util/ZkUtils.java,276,33,309,61,80,5,0,2,No
bookkeeper,4.0.0,hedwig-client/src/main/java/org/apache/hedwig/conf/AbstractConfiguration.java,64,1,65,16,25,4,0,3,No
bookkeeper,4.1.0,hedwig-client/src/main/java/org/apache/hedwig/client/netty/ResponseHandler.java,442,442,884,80,36,11,0,4,No
bookkeeper,4.0.0,bookkeeper-server/src/main/java/org/apache/bookkeeper/bookie/ExitCode.java,40,0,40,40,00,1,0,1,No
bookkeeper,Pre-Release,hedwig-server/src/main/java/org/apache/hedwig/server/subscriptions/SubscriptionEventListener.java,61,4,65,32,50,2,0,2,No
bookkeeper,4.1.0,hedwig-client/src/main/java/org/apache/hedwig/client/api/Subscriber.java,406,26,432,54,00,8,0,4,No
bookkeeper,4.1.0,hedwig-client/src/main/java/org/apache/hedwig/client/handlers/PublishResponseHandler.java,96,25,121,20,17,6,0,4,No
bookkeeper,Pre-Release,{bookkeeper => bookkeeper-server}/src/main/java/org/apache/bookkeeper/client/BookKeeper.java,0,0,0,0,00,1,0,1,No
bookkeeper,4.1.0,hedwig-server/src/test/java/org/apache/hedwig/server/persistence/TestPersistenceManagerBlackBox.java,316,8,324,54,00,6,0,4,No
bookkeeper,4.1.0,hedwig-client/src/main/java/org/apache/hedwig/client/netty/{ => impl}/ClientChannelPipelineFactory.java,24,10,34,34,00,1,0,1,No
bookkeeper,4.1.0,bookkeeper-server/src/test/java/org/apache/bookkeeper/test/ConcurrentLedgerTest.java,30,23,53,6,63,8,0,2,No
bookkeeper,4.1.0,hedwig-server/src/test/java/org/apache/hedwig/server/meta/TestFactoryLayout.java,86,2,88,44,00,2,0,2,No
bookkeeper,4.1.0,hedwig-server/src/main/java/org/apache/hedwig/server/meta/TopicOwnershipManager.java,104,4,108,54,00,2,0,1,No
bookkeeper,4.1.0,hedwig-client/src/main/java/org/apache/hedwig/client/benchmark/BenchmarkPublisher.java,146,8,154,30,80,5,0,4,No
bookkeeper,4.1.0,hedwig-server/src/main/java/org/apache/hedwig/server/persistence/ScanCallbackWithContext.java,54,0,54,27,00,2,0,2,No
bookkeeper,4.1.0,bookkeeper-server/src/test/java/org/apache/bookkeeper/bookie/EntryLogTest.java,261,35,296,26,91,11,0,3,No
bookkeeper,4.1.0,bookkeeper-server/src/main/java/org/apache/bookkeeper/meta/AbstractZkLedgerManager.java,494,193,687,52,85,13,0,3,No
bookkeeper,4.1.0,hedwig-server/src/test/java/org/apache/hedwig/server/meta/TestMetadataManager.java,423,58,481,80,17,6,0,2,No
bookkeeper,4.1.0,hedwig-client/src/main/java/org/apache/hedwig/client/netty/impl/simple/SimpleSubscriptionChannelPipelineFactory.java,49,0,49,24,50,2,0,1,No
bookkeeper,4.1.0,hedwig-server/src/main/java/org/apache/hedwig/server/subscriptions/InMemorySubscriptionState.java,217,17,234,26,00,9,0,4,No
bookkeeper,Pre-Release,hedwig-server/src/main/java/org/apache/hedwig/server/persistence/RangeScanRequest.java,79,2,81,40,50,2,0,2,No
bookkeeper,4.1.0,hedwig-protocol/src/main/java/org/apache/hedwig/protocol/PubSubProtocol.java,33381,16498,49879,2934,06,17,0,3,No
bookkeeper,Pre-Release,{bookkeeper => bookkeeper-server}/src/main/java/org/apache/bookkeeper/util/LocalBookKeeper.java,4,4,8,8,00,1,0,1,No
bookkeeper,4.1.0,bookkeeper-server/src/main/java/org/apache/bookkeeper/bookie/EntryLogger.java,630,566,1196,46,00,26,0,3,No
bookkeeper,Pre-Release,bookkeeper/src/main/java/org/apache/bookkeeper/client/LedgerRecoveryOp.java,178,0,178,178,00,1,0,1,No
bookkeeper,4.1.0,bookkeeper-server/src/test/java/org/apache/bookkeeper/client/BookKeeperTest.java,233,12,245,49,00,5,0,2,No
bookkeeper,4.1.0,bookkeeper-server/src/test/java/org/apache/bookkeeper/test/LedgerDeleteTest.java,30,40,70,10,00,7,0,2,No
bookkeeper,4.1.0,bookkeeper-server/src/main/java/org/apache/bookkeeper/util/ReflectionUtils.java,152,0,152,76,00,2,0,1,No
bookkeeper,4.1.0,hedwig-client/src/main/java/org/apache/hedwig/filter/PipelineFilter.java,81,9,90,45,00,2,0,1,No
bookkeeper,Pre-Release,bookkeeper/src/main/java/org/apache/bookkeeper/proto/BookkeeperInternalCallbacks.java,57,0,57,57,00,1,0,1,No
bookkeeper,4.1.0,bookkeeper-server/src/main/java/org/apache/bookkeeper/bookie/LedgerDirsManager.java,270,2,272,90,67,3,0,2,No
bookkeeper,4.1.0,bookkeeper-server/src/test/java/org/apache/bookkeeper/test/ZooKeeperUtil.java,195,48,243,30,38,8,0,2,No
bookkeeper,Pre-Release,bookkeeper/src/main/java/org/apache/bookkeeper/client/LedgerHandle.java,547,0,547,547,00,1,0,1,No
bookkeeper,4.1.0,bookkeeper-server/src/test/java/org/apache/bookkeeper/client/BookieWriteLedgerTest.java,232,2,234,117,00,2,0,2,No
bookkeeper,4.1.0,bookkeeper-server/src/test/java/org/apache/bookkeeper/test/BookKeeperClusterTestCase.java,633,82,715,42,06,17,0,3,No
bookkeeper,4.1.0,hedwig-server/src/main/java/org/apache/hedwig/server/subscriptions/AllToAllTopologyFilter.java,83,8,91,30,33,3,0,2,No
bookkeeper,4.1.0,bookkeeper-server/src/main/java/org/apache/bookkeeper/bookie/LedgerDescriptorReadOnlyImpl.java,56,4,60,20,00,3,0,1,No
bookkeeper,Pre-Release,{bookkeeper => bookkeeper-server}/src/main/java/org/apache/bookkeeper/bookie/Bookie.java,0,0,0,0,00,1,0,1,No
bookkeeper,4.1.0,hedwig-server/src/test/java/org/apache/hedwig/server/topics/TestHubLoad.java,61,1,62,31,00,2,0,2,No
bookkeeper,Pre-Release,bookkeeper/src/test/java/org/apache/bookkeeper/test/AsyncLedgerOpsTest.java,256,0,256,256,00,1,0,1,No
bookkeeper,Pre-Release,hedwig-server/src/main/java/org/apache/hedwig/server/proxy/ProxySubscribeHandler.java,86,3,89,29,67,3,0,2,No
bookkeeper,4.1.0,hedwig-server/src/test/java/org/apache/hedwig/server/filter/TestMessageFilter.java,445,46,491,122,75,4,0,2,No
bookkeeper,4.1.0,bookkeeper-server/src/main/java/org/apache/bookkeeper/util/IOUtils.java,88,0,88,44,00,2,0,2,No
bookkeeper,4.1.0,bookkeeper-server/src/main/java/org/apache/bookkeeper/bookie/LedgerDescriptor.java,111,182,293,29,30,10,0,2,No
bookkeeper,Pre-Release,hedwig-protocol/src/main/java/org/apache/hedwig/protoextensions/MessageIdUtils.java,155,2,157,78,50,2,0,2,No
bookkeeper,4.1.0,bookkeeper-server/src/main/java/org/apache/bookkeeper/util/MathUtils.java,20,10,30,15,00,2,0,1,No
bookkeeper,4.1.0,hedwig-server/src/main/java/org/apache/hedwig/server/handlers/NettyHandlerBean.java,57,10,67,22,33,3,0,1,No
bookkeeper,4.0.0,bookkeeper-server/src/main/java/org/apache/bookkeeper/proto/BookieServerMXBean.java,58,0,58,58,00,1,0,1,No
bookkeeper,4.1.0,hedwig-server/src/test/java/org/apache/hedwig/server/TestBackwardCompat.java,1249,51,1300,162,50,8,0,3,No
bookkeeper,4.0.0,bookkeeper-server/src/main/java/org/apache/bookkeeper/client/AsyncCallback.java,148,135,283,56,60,5,0,2,No
bookkeeper,Pre-Release,hedwig-client/src/main/java/org/apache/hedwig/client/exceptions/InvalidSubscriberIdException.java,37,0,37,37,00,1,0,1,No
bookkeeper,Pre-Release,bookkeeper/src/main/java/org/apache/bookkeeper/client/LedgerCreateOp.java,167,0,167,167,00,1,0,1,No
bookkeeper,4.1.0,bookkeeper-server/src/main/java/org/apache/bookkeeper/metastore/MetastoreScannableTable.java,104,0,104,104,00,1,0,1,No
bookkeeper,Pre-Release,hedwig-client/src/main/java/org/apache/hedwig/client/exceptions/TooManyServerRedirectsException.java,40,1,41,20,50,2,0,2,No
bookkeeper,Pre-Release,bookkeeper/src/main/java/org/apache/bookkeeper/bookie/Bookie.java,545,0,545,545,00,1,0,1,No
bookkeeper,4.1.0,bookkeeper-server/src/main/java/org/apache/bookkeeper/client/ReadLastConfirmedOp.java,195,69,264,18,86,14,0,3,No
bookkeeper,Pre-Release,hedwig-server/src/main/java/org/apache/hedwig/server/persistence/ScanCallback.java,67,4,71,35,50,2,0,2,No
bookkeeper,Pre-Release,{bookkeeper => bookkeeper-server}/src/test/java/org/apache/bookkeeper/test/BaseTestCase.java,4,4,8,8,00,1,0,1,No
bookkeeper,4.0.0,bookkeeper-server/src/test/java/org/apache/bookkeeper/test/BaseTestCase.java,272,399,671,37,28,18,0,4,No
bookkeeper,4.0.0,bookkeeper-server/src/test/java/org/apache/bookkeeper/client/LedgerCacheTest.java,16,148,164,27,33,6,0,2,No
bookkeeper,Pre-Release,{bookkeeper => bookkeeper-server}/src/main/java/org/apache/bookkeeper/proto/ServerStats.java,0,0,0,0,00,1,0,1,No
bookkeeper,4.1.0,bookkeeper-server/src/main/java/org/apache/bookkeeper/bookie/FileSystemUpgrade.java,418,30,448,74,67,6,0,3,No
bookkeeper,4.1.0,bookkeeper-server/src/main/java/org/apache/bookkeeper/metastore/MetastoreCursor.java,84,0,84,84,00,1,0,1,No
bookkeeper,4.1.0,hedwig-server/src/test/java/org/apache/hedwig/server/integration/TestHedwigHubRegular.java,36,0,36,36,00,1,0,1,No
bookkeeper,4.1.0,bookkeeper-server/src/main/java/org/apache/bookkeeper/metastore/MetastoreTableItem.java,70,0,70,70,00,1,0,1,No
bookkeeper,4.0.0,bookkeeper-server/src/main/java/org/apache/bookkeeper/tools/BookKeeperTools.java,70,741,811,135,17,6,0,2,No
bookkeeper,4.1.0,bookkeeper-server/src/main/java/org/apache/bookkeeper/jmx/BKMBeanRegistry.java,92,3,95,31,67,3,0,1,No
bookkeeper,4.1.0,hedwig-server/src/test/java/org/apache/hedwig/zookeeper/ZooKeeperTestBase.java,95,1,96,32,00,3,0,3,No
bookkeeper,Pre-Release,{bookkeeper => bookkeeper-server}/src/test/java/org/apache/bookkeeper/test/AsyncLedgerOpsTest.java,0,0,0,0,00,1,0,1,No
bookkeeper,Pre-Release,hedwig-server/src/test/java/org/apache/hedwig/ServerControl.java,406,406,812,203,00,4,0,3,No
bookkeeper,Pre-Release,bookkeeper/src/test/java/org/apache/bookkeeper/test/CloseTest.java,74,0,74,74,00,1,0,1,No
bookkeeper,4.1.0,bookkeeper-server/src/test/java/org/apache/bookkeeper/client/LedgerHandleAdapter.java,32,0,32,32,00,1,0,1,No
bookkeeper,4.1.0,bookkeeper-server/src/test/java/org/apache/bookkeeper/bookie/LedgerCacheTest.java,396,18,414,46,00,9,0,3,No
bookkeeper,Pre-Release,hedwig-server/src/test/java/org/apache/hedwig/server/persistence/TestLocalDBPersistenceManagerBlackBox.java,53,0,53,53,00,1,0,1,No
bookkeeper,Pre-Release,bookkeeper/src/main/java/org/apache/bookkeeper/util/StringUtils.java,94,0,94,94,00,1,0,1,No
bookkeeper,4.1.0,bookkeeper-server/src/test/java/org/apache/bookkeeper/test/BookieFailureTest.java,188,91,279,25,36,11,0,3,No
bookkeeper,Pre-Release,{bookkeeper => bookkeeper-server}/src/main/java/org/apache/bookkeeper/bookie/EntryLogger.java,0,0,0,0,00,1,0,1,No
bookkeeper,Pre-Release,hedwig-client/src/main/java/org/apache/hedwig/client/ssl/SslContextFactory.java,79,13,92,46,00,2,0,2,No
bookkeeper,4.1.0,bookkeeper-server/src/main/java/org/apache/bookkeeper/client/LedgerEntry.java,47,48,95,31,67,3,0,2,No
bookkeeper,Pre-Release,{bookkeeper => bookkeeper-server}/src/main/java/org/apache/bookkeeper/client/LedgerOpenOp.java,0,0,0,0,00,1,0,1,No
bookkeeper,Pre-Release,{bookkeeper => bookkeeper-server}/src/main/java/org/apache/bookkeeper/util/OrderedSafeExecutor.java,0,0,0,0,00,1,0,1,No
bookkeeper,4.1.0,bookkeeper-server/src/main/java/org/apache/bookkeeper/client/LedgerOpenOp.java,153,104,257,21,42,12,0,3,No
bookkeeper,Pre-Release,hedwig-server/src/test/java/org/apache/hedwig/ServerControlDaemon.java,289,289,578,144,50,4,0,3,No
bookkeeper,4.1.0,bookkeeper-server/src/main/java/org/apache/bookkeeper/bookie/LedgerDescriptorImpl.java,122,35,157,52,33,3,0,1,No
bookkeeper,Pre-Release,{bookkeeper => bookkeeper-server}/src/main/java/org/apache/bookkeeper/util/MathUtils.java,0,0,0,0,00,1,0,1,No
bookkeeper,4.1.0,bookkeeper-server/src/main/java/org/apache/bookkeeper/meta/FlatLedgerManager.java,254,101,355,44,38,8,0,3,No
bookkeeper,4.1.0,hedwig-client/src/main/java/org/apache/hedwig/util/SubscriptionListener.java,44,0,44,44,00,1,0,1,No
bookkeeper,Pre-Release,hedwig-client/src/main/java/org/apache/hedwig/client/benchmark/BenchmarkWorker.java,47,1,48,24,00,2,0,2,No
bookkeeper,4.1.0,bookkeeper-server/src/main/java/org/apache/bookkeeper/bookie/GarbageCollectorThread.java,667,90,757,54,07,14,0,3,No
bookkeeper,4.1.0,bookkeeper-server/src/test/java/org/apache/bookkeeper/test/AsyncLedgerOpsTest.java,35,33,68,13,60,5,0,2,No
bookkeeper,4.1.0,bookkeeper-server/src/main/java/org/apache/bookkeeper/client/DistributionSchedule.java,56,27,83,16,60,5,0,2,No
bookkeeper,4.1.0,hedwig-server/src/main/java/org/apache/hedwig/server/delivery/DeliveryManager.java,101,9,110,12,22,9,0,3,No
bookkeeper,4.1.0,hedwig-server/src/test/java/org/apache/hedwig/server/subscriptions/TestMMSubscriptionManager.java,20,19,39,13,00,3,0,2,No
bookkeeper,4.1.0,hedwig-server/src/test/java/org/apache/hedwig/server/delivery/StubDeliveryManager.java,113,23,136,15,11,9,0,3,No
bookkeeper,4.0.0,hedwig-client/src/main/java/org/apache/hedwig/util/PathUtils.java,59,3,62,31,00,2,0,2,No
bookkeeper,Pre-Release,{bookkeeper => bookkeeper-server}/src/main/java/org/apache/bookkeeper/client/LedgerEntry.java,0,0,0,0,00,1,0,1,No
bookkeeper,4.1.0,hedwig-server/src/test/java/org/apache/hedwig/client/netty/TestCloseSubscription.java,153,153,306,153,00,2,0,1,No
bookkeeper,4.1.0,hedwig-protocol/src/main/java/org/apache/hedwig/protoextensions/MapUtils.java,74,0,74,74,00,1,0,1,No
bookkeeper,Pre-Release,hedwig-server/src/test/java/org/apache/hedwig/server/persistence/StubScanCallback.java,55,7,62,31,00,2,0,2,No
bookkeeper,4.0.0,hedwig-server/src/main/java/org/apache/hedwig/server/handlers/NettyHandlerMXBean.java,31,0,31,31,00,1,0,1,No
bookkeeper,4.1.0,hedwig-client/src/main/java/org/apache/hedwig/client/netty/NetUtils.java,222,3,225,56,25,4,0,2,No
bookkeeper,4.1.0,hedwig-client/src/main/java/org/apache/hedwig/client/netty/impl/AbstractSubscribeResponseHandler.java,402,25,427,142,33,3,0,1,No
bookkeeper,Pre-Release,bookkeeper/src/main/java/org/apache/bookkeeper/client/LedgerEntry.java,83,0,83,83,00,1,0,1,No
bookkeeper,Pre-Release,hedwig-client/src/main/java/org/apache/hedwig/util/CallbackUtils.java,203,20,223,55,75,4,0,3,No
bookkeeper,Pre-Release,hedwig-server/src/main/java/org/apache/hedwig/server/proxy/ProxyConsumeHandler.java,60,2,62,31,00,2,0,2,No
bookkeeper,Pre-Release,hedwig-client/src/main/java/org/apache/hedwig/client/api/Client.java,42,0,42,42,00,1,0,1,No
bookkeeper,4.1.0,hedwig-server/src/test/java/org/apache/hedwig/server/persistence/MessageBoundedPersistenceTest.java,287,7,294,73,50,4,0,2,No
bookkeeper,4.1.0,hedwig-client/src/test/java/org/apache/hedwig/util/TestHedwigSocketAddress.java,119,15,134,44,67,3,0,2,No
bookkeeper,4.1.0,bookkeeper-server/src/main/java/org/apache/bookkeeper/util/BookKeeperConstants.java,46,1,47,23,50,2,0,1,No
bookkeeper,4.1.0,bookkeeper-server/src/main/java/org/apache/bookkeeper/proto/BookieServerBean.java,93,2,95,47,50,2,0,2,No
bookkeeper,4.1.0,bookkeeper-server/src/main/java/org/apache/bookkeeper/client/ReadOnlyLedgerHandle.java,111,5,116,29,00,4,0,2,No
bookkeeper,4.1.0,bookkeeper-server/src/main/java/org/apache/bookkeeper/versioning/Version.java,31,1,32,32,00,1,0,1,No
bookkeeper,4.1.0,hedwig-client/src/main/java/org/apache/hedwig/client/benchmark/BenchmarkSubscriber.java,159,17,176,25,14,7,0,4,No
bookkeeper,4.1.0,hedwig-server/src/test/java/org/apache/hedwig/server/persistence/BookKeeperTestBase.java,311,53,364,24,27,15,0,3,No
bookkeeper,4.1.0,hedwig-client/src/main/java/org/apache/hedwig/client/netty/impl/multiplex/MultiplexSubscribeResponseHandler.java,653,524,1177,392,33,3,0,1,No
bookkeeper,Pre-Release,{bookkeeper => bookkeeper-server}/src/main/java/org/apache/bookkeeper/client/PendingAddOp.java,0,0,0,0,00,1,0,1,No
bookkeeper,4.1.0,bookkeeper-server/src/main/java/org/apache/bookkeeper/client/LedgerFragmentReplicator.java,513,91,604,151,00,4,0,1,No
bookkeeper,4.1.0,hedwig-server/src/test/java/org/apache/hedwig/server/meta/MetadataManagerFactoryTestCase.java,80,1,81,40,50,2,0,1,No
bookkeeper,4.1.0,bookkeeper-server/src/main/java/org/apache/bookkeeper/client/RoundRobinDistributionSchedule.java,60,38,98,24,50,4,0,2,No
bookkeeper,4.1.0,hedwig-client/src/main/java/org/apache/hedwig/client/netty/HChannelManager.java,160,0,160,160,00,1,0,1,No
bookkeeper,4.1.0,bookkeeper-server/src/test/java/org/apache/bookkeeper/test/BookieZKExpireTest.java,126,17,143,17,88,8,0,4,No
bookkeeper,4.1.0,bookkeeper-server/src/main/java/org/apache/bookkeeper/replication/ReplicationWorker.java,464,107,571,71,38,8,0,1,No
bookkeeper,4.1.0,hedwig-client/src/main/java/org/apache/hedwig/client/netty/WriteCallback.java,124,17,141,17,63,8,0,4,No
bookkeeper,4.1.0,hedwig-server/src/main/java/org/apache/hedwig/server/netty/UmbrellaHandler.java,174,19,193,32,17,6,0,4,No
bookkeeper,4.1.0,hedwig-client/src/main/java/org/apache/hedwig/client/netty/{ => impl}/WriteCallback.java,17,13,30,30,00,1,0,1,No
bookkeeper,4.0.0,bookkeeper-benchmark/src/main/java/org/apache/bookkeeper/benchmark/BenchReadThroughputLatency.java,284,13,297,148,50,2,0,1,No
bookkeeper,Pre-Release,bookkeeper/src/main/java/org/apache/bookkeeper/bookie/LedgerEntryPage.java,151,0,151,151,00,1,0,1,No
bookkeeper,Pre-Release,hedwig-server/src/main/java/org/apache/hedwig/server/common/TopicOpQueuer.java,111,0,111,111,00,1,0,1,No
bookkeeper,4.1.0,hedwig-server/src/main/java/org/apache/hedwig/server/meta/SubscriptionDataManager.java,190,31,221,73,67,3,0,1,No
bookkeeper,Pre-Release,hedwig-server/src/main/java/org/apache/hedwig/server/persistence/ScanRequest.java,65,1,66,33,00,2,0,2,No
bookkeeper,Pre-Release,hedwig-client/src/main/java/org/apache/hedwig/util/Option.java,43,0,43,43,00,1,0,1,No
bookkeeper,4.1.0,bookkeeper-server/src/test/java/org/apache/bookkeeper/bookie/IndexCorruptionTest.java,4,4,8,8,00,1,0,1,No
bookkeeper,4.1.0,bookkeeper-server/src/test/java/org/apache/bookkeeper/replication/AuditorLedgerCheckerTest.java,441,52,493,70,43,7,0,2,No
bookkeeper,Pre-Release,hedwig-server/src/main/java/org/apache/hedwig/server/persistence/CacheKey.java,76,2,78,39,00,2,0,2,No
bookkeeper,Pre-Release,bookkeeper/src/main/java/org/apache/bookkeeper/tools/BookKeeperTools.java,763,0,763,763,00,1,0,1,No
bookkeeper,Pre-Release,{bookkeeper => bookkeeper-server}/src/test/java/org/apache/bookkeeper/test/LoopbackClient.java,0,0,0,0,00,1,0,1,No
bookkeeper,4.0.0,hedwig-server/src/main/java/org/apache/hedwig/server/jmx/HedwigMBeanRegistry.java,48,0,48,48,00,1,0,1,No
bookkeeper,Pre-Release,bookkeeper/src/main/java/org/apache/bookkeeper/util/SafeRunnable.java,38,0,38,38,00,1,0,1,No
bookkeeper,Pre-Release,{bookkeeper => bookkeeper-server}/src/main/java/org/apache/bookkeeper/client/LedgerRecoveryOp.java,0,0,0,0,00,1,0,1,No
bookkeeper,4.1.0,hedwig-client/src/main/java/org/apache/hedwig/client/api/Publisher.java,95,6,101,25,25,4,0,3,No
bookkeeper,4.1.0,hedwig-server/src/main/java/org/apache/hedwig/server/meta/TopicPersistenceManager.java,100,4,104,52,00,2,0,1,No
bookkeeper,4.1.0,bookkeeper-server/src/main/java/org/apache/bookkeeper/client/DigestManager.java,38,31,69,8,63,8,0,3,No
bookkeeper,Pre-Release,{bookkeeper => bookkeeper-server}/src/main/java/org/apache/bookkeeper/bookie/LedgerEntryPage.java,0,0,0,0,00,1,0,1,No
bookkeeper,4.1.0,bookkeeper-server/src/main/java/org/apache/bookkeeper/proto/BookieProtocol.java,111,10,121,17,29,7,0,2,No
bookkeeper,4.1.0,bookkeeper-server/src/test/java/org/apache/bookkeeper/proto/TestBKStats.java,47,4,51,17,00,3,0,1,No
bookkeeper,4.1.0,hedwig-server/src/main/java/org/apache/hedwig/server/subscriptions/SubscriptionManager.java,133,10,143,28,60,5,0,3,No
bookkeeper,4.1.0,hedwig-client/src/main/java/org/apache/hedwig/client/netty/impl/NonSubscriptionChannelPipelineFactory.java,47,0,47,47,00,1,0,1,No
bookkeeper,4.1.0,bookkeeper-server/src/test/java/org/apache/bookkeeper/client/BookieThrottleTest.java,127,127,254,127,00,2,0,2,No
bookkeeper,4.1.0,bookkeeper-server/src/test/java/org/apache/bookkeeper/bookie/BookieInitializationTest.java,292,9,301,100,33,3,0,2,No
bookkeeper,Pre-Release,bookkeeper/src/main/java/org/apache/bookkeeper/bookie/LedgerDescriptor.java,133,0,133,133,00,1,0,1,No
bookkeeper,4.1.0,bookkeeper-server/src/main/java/org/apache/bookkeeper/meta/LedgerManagerFactory.java,332,82,414,69,00,6,0,2,No
bookkeeper,4.1.0,bookkeeper-server/src/main/java/org/apache/bookkeeper/meta/HierarchicalLedgerManagerFactory.java,98,5,103,25,75,4,0,2,No
bookkeeper,4.1.0,bookkeeper-server/src/test/java/org/apache/bookkeeper/test/ConfigurationTest.java,69,2,71,23,67,3,0,2,No
bookkeeper,4.1.0,bookkeeper-server/src/main/java/org/apache/bookkeeper/proto/ServerStats.java,4,2,6,6,00,1,0,1,No
bookkeeper,4.0.0,hedwig-server/src/main/java/org/apache/hedwig/server/proxy/ProxyConfiguration.java,43,7,50,16,67,3,0,3,No
bookkeeper,Pre-Release,{bookkeeper => bookkeeper-server}/src/main/java/org/apache/bookkeeper/bookie/LedgerCache.java,0,0,0,0,00,1,0,1,No
bookkeeper,4.1.0,hedwig-server/src/main/java/org/apache/hedwig/server/proxy/HedwigProxy.java,195,18,213,26,63,8,0,3,No
bookkeeper,4.1.0,hedwig-server/src/test/java/org/apache/hedwig/server/persistence/TestBookKeeperPersistenceManagerBlackBox.java,91,5,96,32,00,3,0,3,No
bookkeeper,4.1.0,bookkeeper-server/src/test/java/org/apache/bookkeeper/proto/TestPerChannelBookieClient.java,114,0,114,57,00,2,0,1,No
bookkeeper,Pre-Release,hedwig-client/src/test/java/org/apache/hedwig/client/AppTest.java,52,1,53,26,50,2,0,2,No
bookkeeper,4.1.0,hedwig-server/src/main/java/org/apache/hedwig/admin/HedwigAdmin.java,738,189,927,103,00,9,0,2,No
bookkeeper,4.1.0,hedwig-client/src/main/java/org/apache/hedwig/client/netty/package-info.java,89,0,89,89,00,1,0,1,No
bookkeeper,Pre-Release,bookkeeper/src/test/java/org/apache/bookkeeper/test/ConcurrentLedgerTest.java,178,0,178,178,00,1,0,1,No
bookkeeper,4.1.0,hedwig-client/src/main/java/org/apache/hedwig/client/netty/impl/{multiplex => }/ResubscribeCallback.java,6,3,9,9,00,1,0,1,No
bookkeeper,4.1.0,bookkeeper-server/src/main/java/org/apache/bookkeeper/bookie/LedgerCache.java,217,703,920,61,33,15,0,3,No
bookkeeper,4.1.0,bookkeeper-server/src/main/java/org/apache/bookkeeper/client/LedgerRecoveryOp.java,78,103,181,13,92,13,0,3,No
bookkeeper,Pre-Release,bookkeeper/src/test/java/org/apache/bookkeeper/test/LedgerRecoveryTest.java,88,0,88,88,00,1,0,1,No
bookkeeper,4.1.0,bookkeeper-benchmark/src/main/java/org/apache/bookkeeper/benchmark/BenchThroughputLatency.java,548,90,638,106,33,6,0,3,No
bookkeeper,4.1.0,hedwig-server/src/main/java/org/apache/hedwig/server/benchmark/AbstractBenchmark.java,160,54,214,53,50,4,0,3,No
bookkeeper,4.1.0,bookkeeper-server/src/main/java/org/apache/bookkeeper/zookeeper/ZooKeeperWatcherBase.java,94,0,94,94,00,1,0,1,No
bookkeeper,4.1.0,hedwig-client/src/main/java/org/apache/hedwig/util/VarArgs.java,26,0,26,26,00,1,0,1,No
bookkeeper,4.1.0,hedwig-client/src/main/java/org/apache/hedwig/client/handlers/AbstractResponseHandler.java,156,0,156,156,00,1,0,1,No
bookkeeper,Pre-Release,{bookkeeper => bookkeeper-server}/src/main/java/org/apache/bookkeeper/client/BookieWatcher.java,0,0,0,0,00,1,0,1,No
bookkeeper,4.1.0,hedwig-server/src/test/java/org/apache/hedwig/server/persistence/TestDeadlock.java,297,28,325,65,00,5,0,2,No
bookkeeper,4.1.0,bookkeeper-server/src/test/java/org/apache/bookkeeper/util/TestDiskChecker.java,97,1,98,49,00,2,0,2,No
bookkeeper,Pre-Release,hedwig-server/src/main/java/org/apache/hedwig/server/regions/HedwigHubClient.java,50,2,52,26,00,2,0,2,No
bookkeeper,4.1.0,hedwig-protocol/src/main/java/org/apache/hedwig/exceptions/PubSubException.java,268,14,282,35,25,8,0,4,No
bookkeeper,4.1.0,hedwig-server/src/test/java/org/apache/hedwig/server/persistence/TestReadAheadCacheWhiteBox.java,346,38,384,64,00,6,0,4,No
bookkeeper,4.1.0,bookkeeper-server/src/main/java/org/apache/bookkeeper/client/PendingAddOp.java,109,65,174,17,40,10,0,3,No
bookkeeper,4.1.0,bookkeeper-server/src/main/java/org/apache/bookkeeper/client/LedgerFragment.java,168,21,189,37,80,5,0,2,No
bookkeeper,4.1.0,bookkeeper-server/src/main/java/org/apache/bookkeeper/client/LedgerCreateOp.java,85,115,200,15,38,13,0,3,No
bookkeeper,4.0.0,bookkeeper-server/src/main/java/org/apache/bookkeeper/bookie/HandleFactoryImpl.java,74,8,82,41,00,2,0,1,No
bookkeeper,4.1.0,bookkeeper-server/src/main/java/org/apache/bookkeeper/util/DiskChecker.java,171,3,174,87,00,2,0,2,No
bookkeeper,4.0.0,hedwig-server/src/main/java/org/apache/hedwig/server/handlers/ConsumeHandler.java,73,1,74,24,67,3,0,3,No
bookkeeper,Pre-Release,{bookkeeper => bookkeeper-server}/src/main/java/org/apache/bookkeeper/bookie/MarkerFileChannel.java,0,0,0,0,00,1,0,1,No
bookkeeper,Pre-Release,{bookkeeper => bookkeeper-server}/src/test/java/org/apache/bookkeeper/test/BookieClientTest.java,0,0,0,0,00,1,0,1,No
bookkeeper,4.0.0,hedwig-server/src/main/java/org/apache/hedwig/server/proxy/ProxyStartDeliveryHandler.java,146,14,160,32,00,5,0,3,No
bookkeeper,4.1.0,bookkeeper-server/src/test/java/org/apache/bookkeeper/test/BookieReadWriteTest.java,706,388,1094,68,38,16,0,2,No
bookkeeper,4.1.0,bookkeeper-server/src/main/java/org/apache/bookkeeper/bookie/BookieShell.java,945,17,962,192,40,5,0,3,No
bookkeeper,4.1.0,bookkeeper-server/src/main/java/org/apache/bookkeeper/bookie/Cookie.java,303,43,346,69,20,5,0,2,No
bookkeeper,4.1.0,bookkeeper-server/src/test/java/org/apache/bookkeeper/test/BookieJournalRollingTest.java,305,46,351,50,14,7,0,3,No
bookkeeper,Pre-Release,{bookkeeper => bookkeeper-server}/src/main/java/org/apache/bookkeeper/proto/BookieProtocol.java,0,0,0,0,00,1,0,1,No
bookkeeper,4.1.0,hedwig-server/src/main/java/org/apache/hedwig/admin/console/HedwigConsole.java,1207,174,1381,153,44,9,0,2,No
bookkeeper,Pre-Release,bookkeeper-server/src/main/java/org/apache/bookkeeper/streaming/LedgerInputStream.java,11,10,21,10,50,2,0,1,No
bookkeeper,4.1.0,bookkeeper-server/src/main/java/org/apache/bookkeeper/{meta => util}/SnapshotMap.java,2,3,5,5,00,1,0,1,No
bookkeeper,Pre-Release,hedwig-server/src/main/java/org/apache/hedwig/server/netty/PubSubServerPipelineFactory.java,78,2,80,40,00,2,0,2,No
bookkeeper,4.1.0,hedwig-client/src/main/java/org/apache/hedwig/client/netty/HedwigPublisher.java,374,223,597,49,75,12,0,4,No
bookkeeper,4.1.0,bookkeeper-server/src/main/java/org/apache/bookkeeper/metastore/MetastoreCallback.java,25,0,25,25,00,1,0,1,No
bookkeeper,4.0.0,bookkeeper-server/src/main/java/org/apache/bookkeeper/client/CRC32DigestManager.java,12,7,19,9,50,2,0,1,No
bookkeeper,4.1.0,bookkeeper-server/src/test/java/org/apache/bookkeeper/test/TestBackwardCompat.java,655,38,693,138,60,5,0,3,No
bookkeeper,4.0.0,bookkeeper-benchmark/src/main/java/org/apache/bookkeeper/benchmark/BenchBookie.java,227,12,239,79,67,3,0,1,No
bookkeeper,4.1.0,bookkeeper-server/src/test/java/org/apache/bookkeeper/test/PortManager.java,55,0,55,55,00,1,0,1,No
bookkeeper,4.1.0,hedwig-server/src/main/java/org/apache/hedwig/server/common/ByteStringInterner.java,47,9,56,28,00,2,0,2,No
bookkeeper,4.1.0,hedwig-server/src/test/java/org/apache/hedwig/server/integration/TestHedwigRegion.java,316,16,332,41,50,8,0,3,No
bookkeeper,Pre-Release,{bookkeeper => bookkeeper-server}/src/main/java/org/apache/bookkeeper/util/StringUtils.java,0,0,0,0,00,1,0,1,No
bookkeeper,4.1.0,bookkeeper-server/src/main/java/org/apache/bookkeeper/bookie/JournalChannel.java,163,5,168,42,00,4,0,1,No
bookkeeper,4.1.0,hedwig-server/src/main/java/org/apache/hedwig/server/subscriptions/ZkSubscriptionManager.java,279,279,558,139,50,4,0,3,No
bookkeeper,4.0.0,bookkeeper-server/src/main/java/org/apache/bookkeeper/jmx/BKMBeanInfo.java,27,0,27,27,00,1,0,1,No
bookkeeper,Pre-Release,bookkeeper/src/main/java/org/apache/bookkeeper/proto/ServerStats.java,148,0,148,148,00,1,0,1,No
bookkeeper,Pre-Release,{bookkeeper => bookkeeper-server}/src/main/java/org/apache/bookkeeper/client/RoundRobinDistributionSchedule.java,0,0,0,0,00,1,0,1,No
bookkeeper,4.1.0,bookkeeper-server/src/main/java/org/apache/bookkeeper/util/OrderedSafeExecutor.java,46,4,50,16,67,3,0,2,No
bookkeeper,Pre-Release,bookkeeper/src/main/java/org/apache/bookkeeper/proto/BookieServer.java,209,0,209,209,00,1,0,1,No
bookkeeper,Pre-Release,{bookkeeper => bookkeeper-server}/src/main/java/org/apache/bookkeeper/proto/BookieClient.java,0,0,0,0,00,1,0,1,No
bookkeeper,4.1.0,bookkeeper-server/src/test/java/org/apache/bookkeeper/test/LedgerCreateDeleteTest.java,75,1,76,38,00,2,0,1,No
bookkeeper,4.1.0,bookkeeper-server/src/test/java/org/apache/bookkeeper/client/TestLedgerChecker.java,465,3,468,117,00,4,0,2,No
bookkeeper,Pre-Release,bookkeeper/src/main/java/org/apache/bookkeeper/bookie/FileInfo.java,124,0,124,124,00,1,0,1,No
bookkeeper,4.1.0,bookkeeper-server/src/main/java/org/apache/bookkeeper/replication/AutoRecoveryMain.java,293,20,313,52,17,6,0,2,No
bookkeeper,4.1.0,bookkeeper-server/src/main/java/org/apache/bookkeeper/metastore/MSException.java,214,0,214,214,00,1,0,1,No
bookkeeper,4.1.0,hedwig-client/src/main/java/org/apache/hedwig/client/handlers/UnsubscribeResponseHandler.java,119,34,153,25,50,6,0,4,No
bookkeeper,Pre-Release,bookkeeper/src/main/java/org/apache/bookkeeper/util/Main.java,54,0,54,54,00,1,0,1,No
bookkeeper,4.1.0,hedwig-server/src/main/java/org/apache/hedwig/server/topics/HubLoad.java,131,1,132,66,00,2,0,1,No
bookkeeper,4.1.0,bookkeeper-server/src/test/java/org/apache/bookkeeper/bookie/UpgradeTest.java,288,20,308,38,50,8,0,3,No
bookkeeper,4.1.0,bookkeeper-server/src/main/java/org/apache/bookkeeper/meta/FlatLedgerManagerFactory.java,97,5,102,25,50,4,0,2,No
bookkeeper,4.1.0,hedwig-client/src/main/java/org/apache/hedwig/client/netty/VoidCallbackAdapter.java,42,0,42,21,00,2,0,2,No
bookkeeper,Pre-Release,bookkeeper-server/src/main/java/org/apache/bookkeeper/util/SafeRunnable.java,11,10,21,10,50,2,0,1,No
bookkeeper,4.1.0,bookkeeper-server/src/main/java/org/apache/bookkeeper/metastore/mock/MockMetastoreTable.java,341,0,341,341,00,1,0,1,No
bookkeeper,Pre-Release,bookkeeper/src/test/java/org/apache/bookkeeper/test/BookieClientTest.java,232,0,232,232,00,1,0,1,No
bookkeeper,4.1.0,hedwig-server/src/main/java/org/apache/hedwig/server/persistence/PersistenceManager.java,104,5,109,27,25,4,0,3,No
bookkeeper,4.1.0,hedwig-client/src/main/java/org/apache/hedwig/client/exceptions/NoResponseHandlerException.java,34,0,34,34,00,1,0,1,No
bookkeeper,Pre-Release,{bookkeeper => bookkeeper-server}/src/main/java/org/apache/bookkeeper/client/LedgerMetadata.java,0,0,0,0,00,1,0,1,No
bookkeeper,Pre-Release,hedwig-server/src/main/java/org/apache/hedwig/server/persistence/Factory.java,22,0,22,22,00,1,0,1,No
bookkeeper,4.0.0,bookkeeper-server/src/main/java/org/apache/bookkeeper/bookie/BookieMXBean.java,33,2,35,17,50,2,0,2,No
bookkeeper,4.1.0,hedwig-server/src/main/java/org/apache/hedwig/server/persistence/BookkeeperPersistenceManager.java,1779,517,2296,135,06,17,0,4,No
bookkeeper,4.1.0,bookkeeper-server/src/test/java/org/apache/bookkeeper/client/SlowBookieTest.java,211,3,214,107,00,2,0,2,No
bookkeeper,4.1.0,hedwig-client/src/main/java/org/apache/hedwig/client/netty/impl/simple/SimpleSubscribeResponseHandler.java,751,474,1225,245,00,5,0,1,No
bookkeeper,4.1.0,hedwig-server/src/test/java/org/apache/hedwig/server/HedwigHubTestBase.java,193,21,214,26,75,8,0,4,No
bookkeeper,4.1.0,bookkeeper-server/src/main/java/org/apache/bookkeeper/meta/MSLedgerManagerFactory.java,751,150,901,450,50,2,0,2,No
bookkeeper,Pre-Release,hedwig-client/src/main/java/org/apache/hedwig/client/netty/HedwigClient.java,370,10,380,126,67,3,0,2,No
bookkeeper,4.1.0,hedwig-server/src/main/java/org/apache/hedwig/server/persistence/ReadAheadCacheBean.java,66,2,68,22,67,3,0,1,No
bookkeeper,4.1.0,bookkeeper-server/src/test/java/org/apache/bookkeeper/bookie/CookieTest.java,387,32,419,83,80,5,0,3,No
bookkeeper,4.1.0,bookkeeper-server/src/test/java/org/apache/bookkeeper/client/TestReadTimeout.java,108,8,116,23,20,5,0,3,No
bookkeeper,4.1.0,bookkeeper-server/src/main/java/org/apache/bookkeeper/bookie/FileInfo.java,321,84,405,36,82,11,0,2,No
bookkeeper,4.1.0,bookkeeper-server/src/main/java/org/apache/bookkeeper/proto/BookieServer.java,574,159,733,25,28,29,0,4,No
bookkeeper,4.1.0,hedwig-server/src/test/java/org/apache/hedwig/server/subscriptions/TestUpdateSubscriptionState.java,250,3,253,84,33,3,0,2,No
bookkeeper,4.1.0,hedwig-server/src/main/java/org/apache/hedwig/server/common/ServerConfiguration.java,618,34,652,40,75,16,0,4,No
bookkeeper,Pre-Release,hedwig-server/src/main/java/org/apache/hedwig/zookeeper/SafeAsynBKCallback.java,134,30,164,82,00,2,0,2,No
bookkeeper,Pre-Release,hedwig-client/src/main/java/org/apache/hedwig/util/Pair.java,42,0,42,42,00,1,0,1,No
bookkeeper,4.1.0,hedwig-server/src/main/java/org/apache/hedwig/server/topics/MMTopicManager.java,354,1,355,177,50,2,0,1,No
bookkeeper,4.1.0,bookkeeper-server/src/test/java/org/apache/bookkeeper/{test => bookie}/IndexCorruptionTest.java,10,23,33,33,00,1,0,1,No
bookkeeper,4.0.0,hedwig-server/src/main/java/org/apache/hedwig/server/topics/TrivialOwnAllTopicManager.java,59,2,61,20,33,3,0,3,No
bookkeeper,4.1.0,hedwig-server/src/main/java/org/apache/hedwig/server/handlers/SubscriptionChannelManager.java,233,19,252,84,00,3,0,2,No
bookkeeper,4.1.0,hedwig-client/src/main/java/org/apache/hedwig/client/data/MessageConsumeData.java,69,13,82,27,33,3,0,3,No
bookkeeper,4.1.0,hedwig-server/src/test/java/org/apache/hedwig/server/persistence/TestBookKeeperPersistenceManager.java,832,31,863,95,89,9,0,3,No
bookkeeper,Pre-Release,hedwig-client/src/main/java/org/apache/hedwig/client/netty/ClientChannelPipelineFactory.java,63,5,68,22,67,3,0,2,No
bookkeeper,4.1.0,hedwig-server/src/test/java/org/apache/hedwig/server/integration/TestHedwigHub.java,857,117,974,97,40,10,0,4,No
bookkeeper,Pre-Release,hedwig-server/src/test/java/org/apache/hedwig/HelperMethods.java,60,2,62,31,00,2,0,2,No
bookkeeper,4.1.0,hedwig-server/src/main/java/org/apache/hedwig/admin/console/ReadTopic.java,380,49,429,107,25,4,0,1,No
bookkeeper,Pre-Release,{bookkeeper => bookkeeper-server}/src/main/java/org/apache/bookkeeper/proto/BookkeeperInternalCallbacks.java,0,0,0,0,00,1,0,1,No
bookkeeper,4.1.0,bookkeeper-server/src/test/java/org/apache/bookkeeper/test/CloseTest.java,36,10,46,11,50,4,0,2,No
bookkeeper,4.1.0,bookkeeper-server/src/main/java/org/apache/bookkeeper/client/BookieWatcher.java,149,39,188,20,89,9,0,3,No
bookkeeper,4.1.0,bookkeeper-server/src/main/java/org/apache/bookkeeper/client/BKException.java,86,9,95,11,88,8,0,2,No
bookkeeper,Pre-Release,hedwig-server/src/main/java/org/apache/hedwig/server/benchmark/FakeBookie.java,151,50,201,67,00,3,0,2,No
bookkeeper,Pre-Release,bookkeeper/src/main/java/org/apache/bookkeeper/client/BKException.java,249,0,249,249,00,1,0,1,No
bookkeeper,4.0.0,bookkeeper-server/src/test/java/org/apache/bookkeeper/bookie/BookieLayoutVersionTest.java,297,297,594,118,80,5,0,2,No
bookkeeper,Pre-Release,bookkeeper-server/src/main/java/org/apache/bookkeeper/util/Main.java,5,5,10,5,00,2,0,2,No
bookkeeper,Pre-Release,bookkeeper/src/main/java/org/apache/bookkeeper/client/LedgerMetadata.java,198,0,198,198,00,1,0,1,No
bookkeeper,Pre-Release,bookkeeper/src/test/java/org/apache/bookkeeper/test/BookieFailureTest.java,305,0,305,305,00,1,0,1,No
bookkeeper,4.1.0,bookkeeper-server/src/main/java/org/apache/bookkeeper/replication/ReplicationEnableCb.java,56,0,56,56,00,1,0,1,No
bookkeeper,4.1.0,bookkeeper-server/src/test/java/org/apache/bookkeeper/replication/ReplicationTestUtil.java,59,0,59,59,00,1,0,1,No
bookkeeper,Pre-Release,bookkeeper/src/main/java/org/apache/bookkeeper/client/PendingAddOp.java,138,0,138,138,00,1,0,1,No
bookkeeper,4.1.0,bookkeeper-server/src/test/java/org/apache/bookkeeper/metastore/TestMetaStore.java,662,14,676,169,00,4,0,2,No
bookkeeper,4.1.0,hedwig-client/src/main/java/org/apache/hedwig/client/handlers/PubSubCallback.java,104,10,114,22,80,5,0,3,No
bookkeeper,4.1.0,hedwig-server/src/main/java/org/apache/hedwig/server/meta/FactoryLayout.java,166,0,166,83,00,2,0,1,No
bookkeeper,4.1.0,hedwig-server/src/main/java/org/apache/hedwig/server/meta/ZkMetadataManagerFactory.java,893,52,945,135,00,7,0,1,No
bookkeeper,4.1.0,hedwig-server/src/test/java/org/apache/hedwig/server/delivery/TestThrottlingDelivery.java,258,27,285,47,50,6,0,3,No
bookkeeper,4.1.0,bookkeeper-server/src/main/java/org/apache/bookkeeper/meta/ActiveLedgerManager.java,84,84,168,84,00,2,0,2,No
bookkeeper,Pre-Release,bookkeeper/src/main/java/org/apache/bookkeeper/bookie/BufferedChannel.java,168,0,168,168,00,1,0,1,No
bookkeeper,Pre-Release,{bookkeeper => bookkeeper-server}/src/test/java/org/apache/bookkeeper/test/BookieFailureTest.java,0,0,0,0,00,1,0,1,No
bookkeeper,Pre-Release,{bookkeeper => bookkeeper-server}/src/test/java/org/apache/bookkeeper/test/NIOServerFactoryTest.java,0,0,0,0,00,1,0,1,No
bookkeeper,4.1.0,hedwig-server/src/main/java/org/apache/hedwig/server/persistence/CacheValue.java,116,15,131,26,20,5,0,4,No
bookkeeper,4.1.0,bookkeeper-server/src/main/java/org/apache/bookkeeper/metastore/MetastoreUtils.java,140,0,140,140,00,1,0,1,No
bookkeeper,Pre-Release,bookkeeper-server/src/test/java/org/apache/bookkeeper/test/LoopbackClient.java,14,11,25,6,25,4,0,2,No
bookkeeper,Pre-Release,bookkeeper-server/src/test/java/org/apache/bookkeeper/{test => client}/LedgerCacheTest.java,1,1,2,2,00,1,0,1,No
bookkeeper,Pre-Release,{bookkeeper => bookkeeper-server}/src/main/java/org/apache/bookkeeper/bookie/BufferedChannel.java,0,0,0,0,00,1,0,1,No
bookkeeper,4.1.0,hedwig-client/src/main/java/org/apache/hedwig/client/netty/HedwigSubscriber.java,1038,617,1655,97,35,17,0,4,No
bookkeeper,4.1.0,hedwig-server/src/test/java/org/apache/hedwig/server/subscriptions/StubSubscriptionManager.java,59,4,63,15,75,4,0,3,No
bookkeeper,4.1.0,hedwig-client/src/main/java/org/apache/hedwig/client/netty/SubscriptionEventEmitter.java,50,0,50,50,00,1,0,1,No
bookkeeper,4.1.0,hedwig-server/src/test/java/org/apache/hedwig/server/persistence/TestBookkeeperPersistenceManagerWhiteBox.java,375,16,391,55,86,7,0,4,No
bookkeeper,4.1.0,bookkeeper-server/src/test/java/org/apache/bookkeeper/test/BookieClientTest.java,60,49,109,13,63,8,0,2,No
bookkeeper,4.1.0,hedwig-client/src/main/java/org/apache/hedwig/client/handlers/CloseSubscriptionResponseHandler.java,84,0,84,84,00,1,0,1,No
bookkeeper,4.1.0,hedwig-server/src/main/java/org/apache/hedwig/server/proxy/ChannelTracker.java,136,4,140,46,67,3,0,3,No
bookkeeper,4.1.0,bookkeeper-server/src/main/java/org/apache/bookkeeper/metastore/MetastoreFactory.java,33,0,33,33,00,1,0,1,No
bookkeeper,4.1.0,hedwig-server/src/main/java/org/apache/hedwig/server/regions/RegionManager.java,477,122,599,66,56,9,0,4,No
bookkeeper,Pre-Release,hedwig-server/src/test/java/org/apache/hedwig/StubCallback.java,51,0,51,51,00,1,0,1,No
bookkeeper,4.0.0,bookkeeper-server/src/test/java/org/apache/bookkeeper/meta/HierarchicalLedgerDeleteTest.java,47,4,51,25,50,2,0,1,No
bookkeeper,4.1.0,hedwig-client/src/main/java/org/apache/hedwig/client/netty/impl/ActiveSubscriber.java,384,1,385,192,50,2,0,1,No
bookkeeper,Pre-Release,{bookkeeper => bookkeeper-server}/src/main/java/org/apache/bookkeeper/client/LedgerHandle.java,0,0,0,0,00,1,0,1,No
bookkeeper,Pre-Release,{bookkeeper => bookkeeper-server}/src/main/java/org/apache/bookkeeper/client/DistributionSchedule.java,0,0,0,0,00,1,0,1,No
bookkeeper,Pre-Release,{bookkeeper => bookkeeper-server}/src/main/java/org/apache/bookkeeper/client/DigestManager.java,0,0,0,0,00,1,0,1,No
bookkeeper,Pre-Release,hedwig-server/src/main/java/org/apache/hedwig/server/persistence/PersistenceManagerWithRangeScan.java,28,1,29,14,50,2,0,2,No
bookkeeper,4.1.0,bookkeeper-server/src/main/java/org/apache/bookkeeper/metastore/mock/MockMetaStore.java,81,0,81,81,00,1,0,1,No
bookkeeper,Pre-Release,bookkeeper/src/test/java/org/apache/bookkeeper/test/BookieRecoveryTest.java,400,0,400,400,00,1,0,1,No
bookkeeper,4.1.0,hedwig-server/src/main/java/org/apache/hedwig/server/persistence/ReadAheadCache.java,1081,235,1316,101,23,13,0,4,No
bookkeeper,4.1.0,bookkeeper-server/src/main/java/org/apache/bookkeeper/bookie/ReadOnlyEntryLogger.java,59,1,60,30,00,2,0,1,No
bookkeeper,4.1.0,bookkeeper-server/src/test/java/org/apache/bookkeeper/replication/TestLedgerUnderreplicationManager.java,820,58,878,73,17,12,0,3,No
bookkeeper,4.1.0,bookkeeper-server/src/test/java/org/apache/bookkeeper/meta/LedgerLayoutTest.java,171,23,194,38,80,5,0,2,No
bookkeeper,Pre-Release,bookkeeper/src/main/java/org/apache/bookkeeper/bookie/BookieException.java,81,0,81,81,00,1,0,1,No
bookkeeper,Pre-Release,bookkeeper/src/main/java/org/apache/bookkeeper/client/LedgerOpenOp.java,140,0,140,140,00,1,0,1,No
bookkeeper,4.1.0,hedwig-server/src/test/java/org/apache/hedwig/server/HedwigRegionTestBase.java,329,42,371,37,10,10,0,4,No
bookkeeper,4.1.0,bookkeeper-server/src/test/java/org/apache/bookkeeper/replication/AutoRecoveryMainTest.java,69,0,69,69,00,1,0,1,No
bookkeeper,4.1.0,bookkeeper-benchmark/src/test/java/org/apache/bookkeeper/benchmark/TestBenchmark.java,242,79,321,53,50,6,0,2,No
bookkeeper,4.1.0,bookkeeper-server/src/main/java/org/apache/bookkeeper/metastore/mock/MockMetastoreCursor.java,98,0,98,98,00,1,0,1,No
bookkeeper,Pre-Release,hedwig-client/src/main/java/org/apache/hedwig/util/Callback.java,51,4,55,27,50,2,0,2,No
bookkeeper,4.1.0,bookkeeper-server/src/main/java/org/apache/bookkeeper/meta/LedgerManager.java,276,84,360,90,00,4,0,2,No
bookkeeper,4.1.0,bookkeeper-server/src/test/java/org/apache/bookkeeper/bookie/TestLedgerDirsManager.java,82,2,84,42,00,2,0,2,No
bookkeeper,4.0.0,bookkeeper-server/src/test/java/org/apache/bookkeeper/test/LedgerRecoveryTest.java,81,17,98,19,60,5,0,2,No
bookkeeper,4.1.0,hedwig-server/src/main/java/org/apache/hedwig/admin/console/JLineHedwigCompletor.java,103,2,105,52,50,2,0,1,No
bookkeeper,Pre-Release,{bookkeeper => bookkeeper-server}/src/main/java/org/apache/bookkeeper/streaming/LedgerInputStream.java,0,0,0,0,00,1,0,1,No
bookkeeper,4.1.0,hedwig-server/src/test/java/org/apache/hedwig/server/handlers/TestSubUnsubHandler.java,203,25,228,28,50,8,0,3,No
bookkeeper,Pre-Release,{bookkeeper => bookkeeper-server}/src/test/java/org/apache/bookkeeper/test/ConcurrentLedgerTest.java,0,0,0,0,00,1,0,1,No
bookkeeper,Pre-Release,{bookkeeper => bookkeeper-server}/src/test/java/org/apache/bookkeeper/test/LedgerRecoveryTest.java,0,0,0,0,00,1,0,1,No
bookkeeper,4.1.0,hedwig-server/src/main/java/org/apache/hedwig/server/persistence/PersistRequest.java,63,4,67,22,33,3,0,3,No
bookkeeper,4.1.0,bookkeeper-server/src/main/java/org/apache/bookkeeper/bookie/LedgerStorage.java,110,1,111,55,50,2,0,1,No
bookkeeper,Pre-Release,hedwig-server/src/main/java/org/apache/hedwig/server/topics/TopicOwnershipChangeListener.java,28,0,28,28,00,1,0,1,No
bookkeeper,4.1.0,hedwig-client/src/main/java/org/apache/hedwig/client/netty/impl/AbstractHChannelManager.java,624,0,624,312,00,2,0,1,No
bookkeeper,4.1.0,bookkeeper-server/src/main/java/org/apache/bookkeeper/client/PendingReadOp.java,478,290,768,42,67,18,0,3,No
bookkeeper,Pre-Release,{bookkeeper => bookkeeper-server}/src/main/java/org/apache/bookkeeper/bookie/BookieException.java,0,0,0,0,00,1,0,1,No
bookkeeper,4.1.0,hedwig-client/src/main/java/org/apache/hedwig/client/netty/HChannel.java,54,0,54,54,00,1,0,1,No
bookkeeper,4.1.0,bookkeeper-server/src/main/java/org/apache/bookkeeper/conf/ServerConfiguration.java,732,38,770,48,13,16,0,3,No
